7e21692cff50c1a9f1972bdc8ff8ee42;1GN
141834586a82bace465c9c2ba031f357;2 Unlimited
bedc9d2550e883807dc802aa8e4da7fb;Paula Abdul
9b98fdea3dc5ed657350b1c13468d801;Ace of Base
d1c780185a26b1ad138d0d578b923f72;Christina Aguilera
c1a821e21dd228c0ba3fba2495c92142;Alcazar
c7726a8ec5ba9bec38ac6b69aaf7b7a9;AlunaGeorge
f3f6a79f519ef2085d6afd359d6f8715;A-L-X
f3f6a79f519ef2085d6afd359d6f8715;(Alex Gardner)
87b119cb1cf1c3c7c8346124e6168065;Anastacia
e097c46ad922d97f20877abc5c00e637;Annie
423bef3a19d505aa5ea216fe62be69e7;Aqua
2a317306d6f72725a45ec060da90ec07;David Archuleta
12520155e8729627cc7109056419fb62;Tina Arena
918b71bbd7a2cedd48c19771d3e85411;Army of Lovers
ace3c8be16adfbc57c379395452d87c0;Rick Astley
582eb9d9ed8687292ef64e9750ee05e2;Atomic Kitten
2761f6afe4716c1c7eb85d39c77de77d;The Attic
812ecc8ede47ebd6f918d14ea21fc9e4;Audio Playground
a6a627c7633734131a04c33fde5bb953;Aurora
b1fdcdd1f1e35ceb493968a6f6a57ad6;Avicii
79e6a20a4c38bcfd066d29719b2ff320;B*Witched
fb21987b335cd701e4933552347ca25e;Backstreet Boys
9f2d9bd3844a3a30537e31b994911480;Bad Boys Blue
20c725f435e65dc8dd207c0e8f703ced;Zoë Badwi
a1c5ac33fef5d080937924bbf42c61e5;Bananarama
185045f66b521afeb663f5daeb704e14;Banghra
7d15e5eb912956e3fe7c679f72c35522;Basement Jaxx
53df60439c34839c1f62f4ecd14e8c3b;Bastille
97edcadd2ab92aaf131b6095400cd858;Daniel Bedingfield
12ed1eb8c065dc8bbe74c4a3459f1f5c;The Beloved
976cf1599f0f605c44df28e771e5c7de;Betty Who
a831a358e5d680776e63b0e5869ea36c;Beu Sisters
e3bb59692c983ccc7957b20eb95e9f11;Beyoncé
43a4aefcd548adbe57d8b6a7629c5304;Justin Bieber
071a9c3279b4ce003ea3ae9d3fc79095;Black Kids
a50ba9d6c6cfac9e941b870563501ee4;Dev Hynes
e33463290678764df67419fb728f7068;Bloodshy & Avant
5179d5966e0040cef92f579dad2a4787;The Boomtang Boys
c17b6d08abb71481e8bb3d225e0ca7d3;La Bouche
f291def648faed55d22e26713828c088;David Bowie
fcfc6c1273982b4cd947bf4ce49d5f3e;Brazilian Girls
a762b19cbe5e69be841dfdcf94eeaa37;Bronski Beat
7305f37846bbac23cc848223f0ec537c;Havana Brown
443172ec61ffbe644d629f2124d3630d;Emma Bunton
142f92481082d29520c5c1c904ad640a;C+C Music Factory
aeb263d75063c882eedeeb0deeb01d7f;Mariah Carey
1bb64f7e7123230486bb3e19b3c9051d;Dan Snaith
91c08d2593c6af25c78b0fdc21208d26;Dina Carroll
4da548274e41cf0fbfd32bf6cc79e61b;Aaron Carter
8b4e840bec5a165071234a912fc81e37;Cascada
c588484b69de48e7fea55883cea96863;Cause & Effect
0da7cd667968d10ad6433c9eeacd338d;Cher
935603cc6fb6289f50f57b670a8769fa;Neneh Cherry
f729d5312f8ef93e6725f974923953d5;Ciara
1bc045480c06f6a6239d28fd38c56f36;Classixx
0120b11a5d39c886020dd4eb1b2ce5ae;Clean Bandit
c25369cbaad596da03a93123cb6cfede;Cobra Starship
e3456d59cee77ae381557c95ab855c8e;Kimberly Cole
aff3c96a9ced86b0fd0836243e4feda3;The Communards
da9b5d53ca7d107830dceca28e2c7376;Company B
afcd2692a4ff61a8a0fc4ff6b0fc80d6;Ida Corr
5bbd3171d506173801ba56dff378d2c6;The Cover Girls
ef025a02b10d5fee59c9b4680cedc336;Cut Copy
16c92b8aec06be4b8bc5f86dc83c70d8;Da Pump
0b83c27881994bbd5b178322dec2f954;Taylor Dayne
09f823256884c0246ade09e1b1168f2b;DB Boulevard
c6d2576ff4f029f5126cdb648fc567bf;Dead Disco
5dc9fbc7b5bafc52336980839fa4dda5;Dead or Alive
5e0e688d125bcfc4bb6cf24e0ef1dc87;Dee Dee
d402e70fa2e24af08472ab0b5b9c1235;Deee-Lite
c6c0658a79fe7a230a4d5d8a1688e83e;Delorean
13d176c03b05b5fc0b81550e61ca2334;Kat DeLuna
7ec95da4f8f09587b4e8dc011f8e33e7;Deuce
c76d2519651d340851c9c34200fd212f;DHT
17ebcb68f97a419ba8afabaea11b81d0;Celine Dion
c89ab105959fa34a0bd24fe5207dc085;Disclosure
9c81febb96dc61bb961baa9a44215340;DJ BoBo
ca3749c8918661055f9a85667a2d8b4d;DJ Dero
60c7f416c76770cf276f50f99c1e26a8;DJ Encore
23a8c6bfb049777c466956d4de573099;Dubstar
7f5b964be546cf20c4790b87e2fd4eed;Hilary Duff
7cd18a6f16af84a606c8bf634cd18d78;East 17
af8eccdc57d1ad8410b95af4d86135b4;Eiffel 65
913df0631110ba5260db61a97a216443;Sophie Ellis-Bextor
18e050da4b26e96d23976eb8153c936e;Empire of the Sun
9505f4f85c0e6b3da829b20f5bf3f7cc;Jocelyn Enriquez
2d09b9dcc1c5bf1a6b2abef826d2e922;Gloria Estefan
efe873cb8f4f2acb5b37fcd3e5b0dd1e;Everything Everything
a80a9a04922b9912b6226a601f49a80d;Exposé
1bc97a6a62c2cc6bd19c637c02d1d915;Sky Ferreira
68eaeabfa86353471f922e65e9b49c30;Fifth Harmony
c5b743cdc1d8b96d7cd834aae568fbd4;5ive
c752c8eb2afc9a5a57d49ecabd47b816;Foster the People
0cb603451f2c5a800a6b8f843abf1666;Samantha Fox
c5ad95e8e450c57a45f22a04e1b11522;Frankie Goes to Hollywood
aa9a4127a80231bc553ada05693b1f75;Fun Factory
98bcb516aa9d21114996fe0d224071f6;Debbie Gibson
1cae159b8be38a912212b7847476c1a5;Girls Aloud
15cf50297fbdc4d3b9fcba7945bff158;Globe
a80c774a2e18c3680340ec3c5c43188d;The Go! Team
3a5f2bcf1e86e254704f4f2ac579a33d;Selena Gomez
0aa532d4ceea002fbee3ff3eed6357e3;Wynter Gordon
d92fce5894869c842e908bcec63c30ab;Ellie Goulding
39a1150285c0efe463d5c7861e0a5db6;Ariana Grande
609a0917102dab06d9b783f011282240;David Guetta
c071d515e1460d1b54732e79b0713614;Her Majesty & the Wolves
18478abf3fd6c87cff32962cac2891b1;Paris Hilton
110e0ecc2c61e11caeff28256902dcfe;Hurts
06fce0db25fce62f1941af544a6493db;Innosense
5e2a74cbf52993d813f21cf2e8502a59;La Toya Jackson
e234ca9411b7c77f14f3404139320a2b;Janet Jackson
c10aa0e3445efda2b894454ef42203c5;Michael Jackson
ae3a068ccab2189d0df1491e8209fb07;Samantha James
b77f6195e490af1ed9bc497783e645d8;Jewel
85980f7c7d080cd944434a3a88e0b4b2;Joée
5df41c6ea223e7526f00817b3d14edf8;JOY
bf34e5ee9169554e84f9e6997b6e44f0;Jump5
4f36b09e3cfdd0d7dce65dec7eb254d3;Junior Senior
00735fdde4ea35737867b2cb947d45ca;Juvelen
be42368445b68d7d781b8f7ad5c38ad6;Kesha
bd731bd82ff4792e20531309110bba51;Mary Kiani
cc8e510bd6d3ddf3b326bd4abdaaad69;Natalia Kills
dfc2c025d26ef7db0f849073e64a9199;Kim Hyun-jung
494e9c807558de48d29729c14c9f90d7;King África
c7b59e657a7f31d7e8ee01e3eb43385d;Kisses
b05f567a15ccad5547de1b5343ecc33d;Solange Knowles
d52dfb7f94e54783d9ee2a1b10d75d36;Lady Gaga
c9e0b5af1a5c3f74d0d2d348d504f48e;Laila Bagge Bagge
1c498ad51fbcfca820e59eb92d80e69d;George Lamond
4d97e03d20d54dfbf4611b442a696f6a;Jessy Lanza
6e70995d0c12da64f73f2d8273f04efb;LCD Soundsystem
33cfa3189218f2891c20fe4f8c78f5aa;Lisa Lisa and Cult Jam
e32474c2c4e5c70ac535578cd95fbf29;LMFAO
f1ab66bf5d7198d93a491c868a1d9a5a;Jennifer Lopez
c8001d10b4601057d9c5b228d4e27d42;Luciana Caporaso
75d62c50640274787e7e47901a67d858;M People
6c27c180927b96b2bc3db930344411c6;Madonna
6850a4517048f29c621bf496149f98fb;Maroon 5
ef227e59fe5eeb391424925d310ae85d;Lisa Matassa
f3ba19321a1fae45676ae5bcba702a86;Matt and Kim
35ae0b6eb3fab23d5d4a7d2da386c9b5;Mel and Kim
774be3dad4eef24d1f6ad5197fa6703a;Javiera Mena
5e3fc10b3d5d00b225e2005aade4e748;Miami Sound Machine
512fca37ea62e02f41d727c27b96bcde;George Michael
437677c2e52471bf708b783b12b3a208;MiChi
94bc9dbfd73d5b035baee78ddd4ca01c;Mika
283ac5ac1d231ad2ffe0e5274763ec87;Milli Vanilli
4fcda30b9bb7686c7001ed34cced2e3b;Dannii Minogue
c71591347f8e90e039d7c288295800c9;Kylie Minogue
b5527c9f09c193dd0db311c5ba372723;Modern Talking
b14409e7e9c869883b6b5e5067d954d4;Moloko
d03ea6e347cc9817f81345279867ba79;Momoiro Clover Z
63c59d3e219cc75e9a7bbf16c4ee95ec;Alanis Morissette
6bd1c4aca8622bfeae0bbcafdf0beaf3;Move
63efd30fb4acd7ae50d81b3a32c93011;Movetron
6566c6c6cf30b48f9dc9c401ffbd8752;Samantha Mumba
d89805adc6a0b6ddbc85e1f5a977941e;James Murphy
adf9fc8da076dbbffc39b6f59f68dcbf;Róisín Murphy
51ecfaeffb05a0c4e9e4b9732b8d701c;N-Trance
5ee8993829ea3f8b3ad79b16847e1d2b;Nabiha
714bdbf7d7bcb036815b6b7b80c71faf;New Kids on the Block
af3bee836c11a5af59f7d8421ce6f2c1;Olivia Newton-John
af3bee836c11a5af59f7d8421ce6f2c1;AO
af3bee836c11a5af59f7d8421ce6f2c1;OBE
b6e231623a27a33b7c731c86a5b659d6;Ne-Yo
509463d2986f78ed5a0b3ada13dfd6fa;Nikkole
e70ab8c49bb6a4daffef9598938e4124;NRG
cb85bc8bb505997b1bd3834c46ef3233;NSYNC
3db2043598cf62414989b326b8621b55;Sven Väth
6140752b69bc10224492e776938e76c4;Emily Osment
86643fb569dae636ef3360d63ea5da68;Donny Osmond
9b30b6d87a951ac66a2a935c7d391074;Paradiso Girls
19c77916ebb48cc25c023d95bf619759;Sarina Paris
a27b23a55b799dcfc6127eb780e42a9b;Perri "Pebbles" Reid
14e31ba9a8cb5e9e6832c6db9ec147c7;Katy Perry
e0b7f81c92d777a7bff57ccf1c7e97a8;Paul Pesco
81a6659d99144542c85093e5644a1888;Pet Shop Boys
35bc0cee14c93264c7424d1156fb09ec;Pink
41bc8979b6610c128ef46769e21ee2f4;Pizzicato Five
9c9ee417af6c14477b1f577ae105590a;Play
4ad341d1a793792c3a83c16c9ae8297a;Pnau
68ecc87be9084541110169612ec6da4f;Gabry Ponte
b4a92940c22930d21e58ba722f66b550;Prima J
612325efd9c7af3fdb155539b8cde4a1;Prince
5a567a3d4361b763a25c1da9daea60ac;PRIVATE
1b72dd0e12553a48feccd852677b0cc9;The Pussycat Dolls
d01c096392b7abf6cc8974e72ad60fbd;Raze
1a0f48167864001f7fd533aa3cf0bd53;Richard X
66effb651958df1bbea5d54dd50c7b33;Ricki-Lee Coulter
0caacbd8a9f1b7c950f7fd051918ff6f;Right Said Fred
f07a9932e5c723bc9d62fbec448b9566;Rihanna
b36caa428d975d0b4e8248612bcfa81a;Robyn
c6022303cd30077c530c175d5384a4df;Rockell
1f5e12964e1724d74359bc8c7b405fd0;Kelly Rowland
c336c4fd85c46b3f5e79e53b3c194c04;S Club 7
ee012c93fa76e272e4932809098fa1ce;Marta Sánchez
50f0037525e11e15b7d871f53d6c26ca;Santigold
c766674a5cbbc15941855a4d1b4cee0b;The Saturdays
a0216b755a7e2ddd8799db85f87d2715;Seiko Matsuda
13deca66de91c51d13d90c82d691fc25;Selena Gomez & the Scene
c2f259f8de10ef1f159c5d4d627f492d;September
c2f259f8de10ef1f159c5d4d627f492d;(Petra Marklund)
e7f3c76032eeed4b67dd2f72636b3bd4;Shakira
ea22f6da54fa17210b9a31f8689b4633;Shinee
c157bc4d95d0c348d88d6474a8c881f5;Shura
09d9fb885046819d66e7105e3e6a4dce;Sia
9eeaa225cac36620a0b193b1ddfb7b7c;Jessica Simpson
3bda5364ea46d620cb7f79f5292e9c68;Troye Sivan
70c8d3e476ae75e575b13810be601651;Sam Smith
746af3f74186fa4031cb4851725dfa3c;Solid Harmonie
e6a1adf3affb32d11f5446e4e88463f3;Tommy Sparks
e06221b234b87376d5c408c374f2ea73;Britney Spears
70552578b8ba31fd9c194204cf409944;Speed
58784f6b710f14a66a5c856ed08f7572;Spice Girls
eb051d7e49267bfc5c8c561f5905bb99;Stacey Q
d70bc59e1c9cac489048a45b7ddbb90c;Johan Renck
7ac09f83bfeb00b2f18dd8050e53ca65;Alexandra Stan
f3bbe1889d1eb324dce34d91226f879d;Lisa Stansfield
153eb0773786c8eef8fe01e1abad2eac;Brenda K. Starr
a1fb0cbee7e1d0850605169df3fc48d6;Gwen Stefani
631db0219c6c7a9a2706e331997a53be;Steps
69fa9b047b5ced270c301ef99505402f;Stevie B
de89f8625622e3768f32e75b8b469217;Stock Aitken Waterman
a4215de7b230d2d39b4d33a07031c14b;Linda Sundblad
f2c87feb89014b2f193fcd305402b74d;Swedish House Mafia
464c17b3ae394f4fe4e21cdb829d7160;Taylor Swift
17aaf1a91da28b2a7a69a972d19cb290;Sylvan Esso
cd7aa0c4313e4349d8880f4ecf8d7a4a;T-ara
a65211fd7dc770ff05bb3d1fa28e8c7c;T-Spoon
d0c58db436d5e8bece4ca04b7bd58b93;Take That
a8b75fb8951b32a580c4120e3c5c1230;Tarkan
2aa17dea81f794d9beb9d70b27530018;t.A.T.u.
22d66d1d06de46540282238bfbb0a3b3;Tegan and Sara
5d852c2b5b303bc7294f2a25537bb2b0;Therese Grankvist
0c90b816348071868417a16894b775b1;Tiësto
ba52003cfc7a4d83b3dd4242982afc78;Tiffany
c4ca53e277899c65cac3841e3c5bc9a2;Justin Timberlake
97f6e3a3058108445f8a6edd5c90e424;The Ting Tings
70d0aa9a51546562b7a8fd78bf5ecee2;Katy Tiz
91c730622fc17f80d25bb4a59e6b15b3;Melissa Tkautz
718f8025a084a9f514f9e146a7311e00;TLC
207da0ecdf40ead4311a0f6160631253;Totally Enormous Extinct Dinosaurs
a5c50ac0725094c249e5057e4987225e;Jolin Tsai
c727fccf60b984bd2a1bbf9537e038af;Usher
7eaeed040fcc29b8a65b29e53dd81761;VASSY
23673823142e8ffe62de44cf999fefcb;Vengaboys
57bdb940a20971e8c4e21104d09ad937;V*Enna
20a5ce4f212d857e741ea8cd18234846;The Very Best
bb3b59675b28d7edb928c90b8e0f16a9;Vitamin C
a6c5945d57f6010d25db52c5b2193238;Wallpaper.
9f973fef362189df57f7e021ea369996;Jessie Ware
ee92b2866b4bedc30d7fe08ca383b303;Pete Waterman
ee92b2866b4bedc30d7fe08ca383b303;OBE
8fb2fe345640d64ab7bb72db593a841c;Jody Watley
9bc7075e6dc14d86161a09a210d11b71;Wham!
36f9b814f70fa2bc0ca7dc504ba87360;Karyn White
9db81461030890a2dbb527311c8df577;Wild Orchid
00989ea5266b3a9823e929d86fd669b1;Will to Power
7aa298256e51aaf81c44a9070b03299c;Vanessa Williams
3704b64c48a9a48861db3bef9c5a8ef7;Kimberly Wyatt
15dab8e6b33fbca56a24cb59ca330edd;XLR8
86b0e9def23a4d8cd27583c155ed6074;Xuxa Meneghel
7d174fd0354333a473ea6f505bb0517c;Yazz
8303da9e9c567552db7bd1e2dbfcfe84;Yelle
faeb20b4eb399923aac67e41d1848e48;Yuri
ff78370ca199d912ea519c074ce588b6;ZOEgirl
