7ab4880bd837991c0c87c7df40f582bb;DenGee
b76a835c92b5730be9fd69121388beb9;Mudfoot
b76a835c92b5730be9fd69121388beb9; Alchemist
b76a835c92b5730be9fd69121388beb9; Pigpen
fbef217f2aa15bd13d778a64039c46ab;Bishop
b35307bae6a18ea3409bb7e134ca91f1;Black Eyed Pods 
b35307bae6a18ea3409bb7e134ca91f1;(1995)
b35307bae6a18ea3409bb7e134ca91f1;Black Eyed Peas 
b35307bae6a18ea3409bb7e134ca91f1;(1995-2000)
61fdc642aac0db0e49638b90afd9e2ae;RMG
e9b82d4f4247115a5dbec32ce39db05a;Cool Nutz
9152898c6b3fc3f0edbee841279dc777;"The One Who Makes The Track Move" - 
9152898c6b3fc3f0edbee841279dc777;Tim Varley
3552d5b9a2e1059a0972fb9f413eb066;Heru/Ruby
8abcb1fb02b3786da87a1481111019e6;E.D.I. Mean
8abcb1fb02b3786da87a1481111019e6; Big Malcolm
8abcb1fb02b3786da87a1481111019e6; E.D.I. Don
ef77675480fa9c63ac0b42c80a3bb845;EV
ef77675480fa9c63ac0b42c80a3bb845; Mr. Slow Flow
ef77675480fa9c63ac0b42c80a3bb845; The Weatherman
05445661b51d5d1943263c68cf6fcc02;Hieroglyphics Crew
05445661b51d5d1943263c68cf6fcc02; Hiero
9791343a8d89e0a99a91554e366ed4c4;iLLmac
f3cc1d0992c58f5bb7911114458c33e2;Original J. J. Fad
cf919a1b237f7ecaa6097fae40a1e0ae;J Roc
3ad13b32be33063db9ed7a4f1dcfb936;Kitty Pryde
7e295a5d27190d7a79c3ddc15081ddc6;Knoc-Turn'al
7e295a5d27190d7a79c3ddc15081ddc6; Knoc
0cd066838738d3f2cee3bc24e427cb0c;The Dirty Dozen
0cd066838738d3f2cee3bc24e427cb0c; D-Twizzy
0cd066838738d3f2cee3bc24e427cb0c; D-Twizzle
0cd066838738d3f2cee3bc24e427cb0c; Detroit-Twelve
70398a5bb16b97d782eb563d1ec7d8cf;L.A.P.
25c56fcaf2b6774cbae19bfce489c074;Lateef
34295986f8c55677336b58a8ed0c8247;LSOB
337fab7a42cf95dfa0055ac43aca1357;L.O.L.
f7d90ccc7298af0c6804d31eb043d6d0;Luckyiam.PSC
83ffcd022da19c2497f100f69cc473bd;LB
83ffcd022da19c2497f100f69cc473bd; Asia Born
83ffcd022da19c2497f100f69cc473bd; Macka Dang Dang
9b856d0b29d177eb091a527a0842f1e6;The Man of Thousand Voices
bafc4ddadab0393862a21010b60f895f;O.T. Genasis
43f5318dad1d518806a591394e41ea85;PSD
43f5318dad1d518806a591394e41ea85; Stevie Dee
4dfdee65754e8553ce697d1f94f1a448;MC Pigeon
30d65186291f80338bea935d4c25be0d;Penthouse Players
30d65186291f80338bea935d4c25be0d; P.P.C.
34956247833633b49246053712020711;Psycho
b7882801cf9131a7b5ca47427813f25f;Ruthless by Law
2d1aae92dca0d19e49b3b594d498098f;Saint Vicious
46f8bf07791d0124bddb2a17db4d7206;Sen Dog
e175bfd0c3ce079202f469b34f29e133;Southside Slim
1ab8aedb0ed468746a68ce26e32eb8f8;Smoov-E
911d162f31a9b301c5eca96ed4c42dbb;Outlaw Immortalz
911d162f31a9b301c5eca96ed4c42dbb; The Outlawz
911d162f31a9b301c5eca96ed4c42dbb; Dramacydal
911d162f31a9b301c5eca96ed4c42dbb; Thoro Headz
0023869d173ddb4f7cc08361bb1d33cd;BFAP
0023869d173ddb4f7cc08361bb1d33cd; Dusty Black
0023869d173ddb4f7cc08361bb1d33cd; Vision
3b8d11eac9a13d423ee96fbfe16cc594;D. Johnson
3b8d11eac9a13d423ee96fbfe16cc594;Lamar Johnson
3b8d11eac9a13d423ee96fbfe16cc594;Sylk E Fine
6d200463fa83d6444f1f10799b3b25be;Catastraphe
6ee966150cd832ad984e8a3854a57c05;The Real Richie Rich of LA Dream Team
6ee966150cd832ad984e8a3854a57c05; Richie Rich
6ee966150cd832ad984e8a3854a57c05; Rich E. Rich
6ee966150cd832ad984e8a3854a57c05; Dream Team Richie Rich
4a86705bcaf6b88cb5606ac2583cfdc1;Tha Realest
4a86705bcaf6b88cb5606ac2583cfdc1;Tenkamenin The Vigilante
3446278408bc2713972c7ec739c2fc0d;TI
1c0bb154f77c32c71622b5e6965bfbd8;The Cool Collar Scholar
692d97bf150b06dd8d08dcd3ae285a5e;T.R.'z
2cd6df2d6c768d0345fa980d5289d7b3;Demrick
2cd6df2d6c768d0345fa980d5289d7b3;Young De
