Chamber-jazz; /wiki/List_of_chamber_jazz_musicians ; /wiki/Philip_Aaberg; /wiki/Eberhard_Weber
cool-jazz; /wiki/List_of_cool_jazz_and_West_Coast_jazz_musicians; /wiki/Curtis_Amy; /wiki/Mike_Zwerin
jazz-blues; /wiki/List_of_jazz_blues_musicians; /wiki/Mose_Allison; /wiki/Jimmy_Witherspoon
jazz; /wiki/List_of_jazz_musicians; /wiki/Scott_Joplin; /wiki/Quinn_Wilson
soul-jazz; /wiki/List_of_soul_jazz_musicians; /wiki/Cannonball_Adderley; /wiki/Joe_Zawinul
smooth-jazz; /wiki/List_of_smooth_jazz_musicians; /wiki/Mindi_Abair; /wiki/Kenny_G
Hip-hop; /wiki/List_of_hip_hop_groups; /wiki/11/5; /wiki/Zion_I
Hip-hip-musicians; /wiki/List_of_hip_hop_musicians; /wiki/100_Kila; /wiki/Zico_(rapper)
Political-hip-hop; /wiki/List_of_political_hip_hop_artists; /wiki/A_Tribe_Called_Quest; /wiki/X_Clan
West-coast-hip-hop; /wiki/List_of_West_Coast_hip_hop_artists; /wiki/100s_(rapper); /wiki/Zion_I
Christian-hip-hop; /wiki/List_of_Christian_hip_hop_artists; /wiki/116_Clique; /wiki/Young_Joshua
Baroque-pop; /wiki/List_of_baroque_pop_artists; /wiki/Christian_Anders; /wiki/Wild_Beasts
Dance-pop; /wiki/List_of_dance-pop_artists; /wiki/1_Girl_Nation; /wiki/ZOEgirl
Dream-pop; /wiki/List_of_dream_pop_artists; /wiki/All_About_Eve_(band); /wiki/The_Zephyrs
Europop; /wiki/List_of_Europop_artists; /wiki/ABBA; /wiki/The_Wanted
Indi-pop; /wiki/List_of_indie_pop_artists; /wiki/14_Iced_Bears; /wiki/Zooey_Deschanel
Pop-punk; /wiki/List_of_pop_punk_bands; /wiki/%2B44_(band); /wiki/Zolof_the_Rock_%26_Roll_Destroyer
Power-pop; /wiki/List_of_power_pop_artists_and_songs; /wiki/20/20_(band); /wiki/Zumpano
Psychedelic-pop; /wiki/List_of_psychedelic_pop_artists; /wiki/The_Avant-Garde; /wiki/Yura_Yura_Teikoku
Synthpop; /wiki/List_of_synth-pop_artists; /wiki/ABC_(band); /wiki/Zeigeist
blue_rock; /wiki/List_of_blues_rock_musicians; /wiki/AC/DC; /wiki/ZZ_Top
country_rock; /wiki/List_of_country_rock_musicians; /wiki/Trace_Adkins; /wiki/Zac_Brown_Band
dace_rock; /wiki/List_of_dance-rock_artists; /wiki/!!!; /wiki/Robbie_Williams
dark_rock; /wiki/List_of_dark_rock_bands; /wiki/Anathema_(band); /wiki/Zeraphine
indie_rock; /wiki/List_of_indie_rock_musicians; /wiki/The_1975; /wiki/The_Zutons
folk_rock; /wiki/List_of_folk_rock_artists; /wiki/Dave_Matthews; /wiki/YU_Grupa
funk_rock; /wiki/List_of_funk_rock_bands; /wiki/24-7_Spyz; /wiki/Wild_Cherry_(band)
garage_rock; /wiki/List_of_garage_rock_bands; /wiki/The_13th_Floor_Elevators; /wiki/Zakary_Thaks
math_rock; /wiki/List_of_math_rock_groups; /wiki/31Knots; /wiki/Zu_(band)
rock_and_roll; /wiki/List_of_rock_and_roll_performers; /wiki/AC/DC; /wiki/The_Zombies
southern_rock; /wiki/List_of_southern_rock_bands; /wiki/3_Doors_Down; /wiki/ZZ_Top
post_rock; /wiki/List_of_post-rock_bands; /wiki/1_Mile_North; /wiki/Yume_Bitsu
progressive_rock; /wiki/List_of_progressive_rock_artists; /wiki/21st_Century_Schizoid_Band; /wiki/Zombi_(band)
psychedelic_rock; /wiki/List_of_psychedelic_rock_artists; /wiki/The_13th_Floor_Elevators; /wiki/Yeasayer
rap_rock; /wiki/List_of_rap_rock_bands; /wiki/28_Days; /wiki/Zebrahead
