363910bc2fff698de63fbc01871d52c8;Dave Matthews Band
363910bc2fff698de63fbc01871d52c8;Dave Matthews and Tim Reynolds
363910bc2fff698de63fbc01871d52c8;Dave Matthews & Friends
363910bc2fff698de63fbc01871d52c8;The Nauts
363910bc2fff698de63fbc01871d52c8;Trey Anastasio
5ad007ea2601194b142756ca33186360;Whiskeytown
5ad007ea2601194b142756ca33186360;The Cardinals
5ad007ea2601194b142756ca33186360;The Shining
5ad007ea2601194b142756ca33186360;The Finger
5ad007ea2601194b142756ca33186360;Pornography
684ca0ddf8f10179b06426dfcfdf76df;Jethro Tull
684ca0ddf8f10179b06426dfcfdf76df;Roy Harper
684ca0ddf8f10179b06426dfcfdf76df;Dave Pegg
684ca0ddf8f10179b06426dfcfdf76df;David Goodier
684ca0ddf8f10179b06426dfcfdf76df;Doane Perry
684ca0ddf8f10179b06426dfcfdf76df;Peter-John Vettese
684ca0ddf8f10179b06426dfcfdf76df;Andrew Giddings
684ca0ddf8f10179b06426dfcfdf76df;Martin Barre
684ca0ddf8f10179b06426dfcfdf76df;Steven Wilson
684ca0ddf8f10179b06426dfcfdf76df;Toto
684ca0ddf8f10179b06426dfcfdf76df; Scott Hammond
2e78e1609a52822d58d56ffe8cd155e7;Asaf Avidan & The Mojos
5cfacd0e73cdb890b8961b1b39115a75;Jackson Browne
5cfacd0e73cdb890b8961b1b39115a75;Mary Chapin Carpenter
5cfacd0e73cdb890b8961b1b39115a75;Judy Collins
5cfacd0e73cdb890b8961b1b39115a75;Donovan
5cfacd0e73cdb890b8961b1b39115a75;Bob Dylan
5cfacd0e73cdb890b8961b1b39115a75;Steve Earle
5cfacd0e73cdb890b8961b1b39115a75;Mimi Fariña
5cfacd0e73cdb890b8961b1b39115a75;Grateful Dead
5cfacd0e73cdb890b8961b1b39115a75;Janis Ian
5cfacd0e73cdb890b8961b1b39115a75;Indigo Girls
5cfacd0e73cdb890b8961b1b39115a75;Ennio Morricone
5cfacd0e73cdb890b8961b1b39115a75;Odetta
5cfacd0e73cdb890b8961b1b39115a75;Pete Seeger
5cfacd0e73cdb890b8961b1b39115a75;Paul Simon
5cfacd0e73cdb890b8961b1b39115a75;Dar Williams
fc2a8d3f7ae55dc1e5b91f6183308d2c;Žetva
fc2a8d3f7ae55dc1e5b91f6183308d2c;Rani Mraz
7bc9c7201bdfef2d57d534f856040e6b;Vetiver
7bc9c7201bdfef2d57d534f856040e6b;Michael Gira
7bc9c7201bdfef2d57d534f856040e6b;Megapuss
7bc9c7201bdfef2d57d534f856040e6b;Beck
7bc9c7201bdfef2d57d534f856040e6b;CocoRosie
7bc9c7201bdfef2d57d534f856040e6b;Antony Hegarty
7bc9c7201bdfef2d57d534f856040e6b;Little Joy
7bc9c7201bdfef2d57d534f856040e6b;Joanna Newsom
7bc9c7201bdfef2d57d534f856040e6b;Noah Georgeson
7bc9c7201bdfef2d57d534f856040e6b;MGMT
7bc9c7201bdfef2d57d534f856040e6b;The Strokes
7bc9c7201bdfef2d57d534f856040e6b;Rodrigo Amarante
2086769659fd8103c696a71a20989919;Steam Powered Giraffe
36d7bb47c9e829424c1f44430e8b83cb;The Story
5737e82bafa4a11f17373bbdede4717c;Warren Zevon
5737e82bafa4a11f17373bbdede4717c;Eagles
5737e82bafa4a11f17373bbdede4717c;David Lindley
5737e82bafa4a11f17373bbdede4717c;Waddy Wachtel
5737e82bafa4a11f17373bbdede4717c;Bonnie Raitt
5737e82bafa4a11f17373bbdede4717c;Clarence Clemons
5737e82bafa4a11f17373bbdede4717c;David Crosby
5737e82bafa4a11f17373bbdede4717c;Graham Nash
5737e82bafa4a11f17373bbdede4717c;Neil Young
5737e82bafa4a11f17373bbdede4717c;Linda Ronstadt
5737e82bafa4a11f17373bbdede4717c;Joan Baez
5737e82bafa4a11f17373bbdede4717c;Nitty Gritty Dirt Band
5737e82bafa4a11f17373bbdede4717c;Bruce Springsteen
5737e82bafa4a11f17373bbdede4717c;Little Steven
5737e82bafa4a11f17373bbdede4717c;Dawes
5737e82bafa4a11f17373bbdede4717c;Roy Orbison
5737e82bafa4a11f17373bbdede4717c;The Chieftains
afcf30f6bf94fd0f11ea237d311f5f2c;The A.M.
afcf30f6bf94fd0f11ea237d311f5f2c;Shinehead
afcf30f6bf94fd0f11ea237d311f5f2c;Gods and Monsters
d93b01cec2df6747defa2c349d987b87;Sneakers (band)
d93b01cec2df6747defa2c349d987b87;Big Whiskey
d93b01cec2df6747defa2c349d987b87;Hillbilly Moon
d93b01cec2df6747defa2c349d987b87;Bondi Cigars
d93b01cec2df6747defa2c349d987b87;Chris Turner Band
d93b01cec2df6747defa2c349d987b87;Stevie Wright
8062cfa7e4484e3b00e8851388bfb2bc;The Nerves
8062cfa7e4484e3b00e8851388bfb2bc;The Plimsouls
42474f62b1267c7e42cd5b1529ffb18a;brute.
42474f62b1267c7e42cd5b1529ffb18a;Cowboy Junkies
42474f62b1267c7e42cd5b1529ffb18a;Elf Power
42474f62b1267c7e42cd5b1529ffb18a;Lambchop
42474f62b1267c7e42cd5b1529ffb18a;Thee Silver Mt. Zion
42474f62b1267c7e42cd5b1529ffb18a;Sparklehorse
42474f62b1267c7e42cd5b1529ffb18a;Danger Mouse
42474f62b1267c7e42cd5b1529ffb18a;The Undertow Orchestra
42474f62b1267c7e42cd5b1529ffb18a;The La-Di-Da's
42474f62b1267c7e42cd5b1529ffb18a;The Amorphous Strums
349976834368f8121ce92aa855764d45;Alexisonfire
349976834368f8121ce92aa855764d45;City and Colour
349976834368f8121ce92aa855764d45;You+Me
8fbd058a5e75984e7b606900ade79637;The Flight
8fbd058a5e75984e7b606900ade79637; Behaving
8fbd058a5e75984e7b606900ade79637; The Staves
d9410ea20d7e81a4a5404c3f0a9964c3;Leonard Cohen
d9410ea20d7e81a4a5404c3f0a9964c3;Bob Dylan
d9410ea20d7e81a4a5404c3f0a9964c3;Ian Tyson
d9410ea20d7e81a4a5404c3f0a9964c3;Joni Mitchell
d9410ea20d7e81a4a5404c3f0a9964c3;Joan Baez
d9410ea20d7e81a4a5404c3f0a9964c3;Stephen Stills
a6d6a95f6431fe009b6b0630d23c00f6;Paul and Storm
a6d6a95f6431fe009b6b0630d23c00f6;Kristen Shirts
a6d6a95f6431fe009b6b0630d23c00f6;John Hodgman
a6d6a95f6431fe009b6b0630d23c00f6;Molly Lewis
a6d6a95f6431fe009b6b0630d23c00f6;Ellen McLain
a6d6a95f6431fe009b6b0630d23c00f6;Ze Frank
a6d6a95f6431fe009b6b0630d23c00f6;RiffTrax
a6d6a95f6431fe009b6b0630d23c00f6;They Might Be Giants
a6d6a95f6431fe009b6b0630d23c00f6;John Roderick
3feffc968b15ff735d12e401888b96f7;The John Denver Band
3feffc968b15ff735d12e401888b96f7;Starland Vocal Band
3feffc968b15ff735d12e401888b96f7;The Back Porch Majority
3feffc968b15ff735d12e401888b96f7;The New Christy Minstrels
3feffc968b15ff735d12e401888b96f7;Chad Mitchell Trio
3feffc968b15ff735d12e401888b96f7;The Muppets
3feffc968b15ff735d12e401888b96f7;Cass Elliot
3feffc968b15ff735d12e401888b96f7;Olivia Newton-John
3feffc968b15ff735d12e401888b96f7;Plácido Domingo
3feffc968b15ff735d12e401888b96f7;Emmylou Harris
3feffc968b15ff735d12e401888b96f7;Peter
3feffc968b15ff735d12e401888b96f7; Paul and Mary
3feffc968b15ff735d12e401888b96f7;Johnny Cash
3feffc968b15ff735d12e401888b96f7;Tina Turner
3feffc968b15ff735d12e401888b96f7;Glen Campbell
3feffc968b15ff735d12e401888b96f7;George Burns
3feffc968b15ff735d12e401888b96f7;Frank Sinatra
c2fc3e5f9c7dfef4a2e75516a86a271a;Louis Svitek
c2fc3e5f9c7dfef4a2e75516a86a271a;Lee DeWyze Band
d17fe1f86956fa565910a8f67c5ce30a;Michael Martin Murphey
6dcfd87e2f9b69c473dfaa47ff548fb1;By Divine Right
6dcfd87e2f9b69c473dfaa47ff548fb1;Broken Social Scene
6dcfd87e2f9b69c473dfaa47ff548fb1;Peaches
6dcfd87e2f9b69c473dfaa47ff548fb1;Chilly Gonzales
6dcfd87e2f9b69c473dfaa47ff548fb1;Mastodon
6dcfd87e2f9b69c473dfaa47ff548fb1;Kings of Convenience
6dcfd87e2f9b69c473dfaa47ff548fb1;Mountain Man
6dcfd87e2f9b69c473dfaa47ff548fb1;AroarA
6dcfd87e2f9b69c473dfaa47ff548fb1;Little Wings
e22f8320f8f886e48314543acc9577e8;Fools Gold
e22f8320f8f886e48314543acc9577e8;Tim Weisberg
381fce216f2e09241680368d49b321ee;Simon & Garfunkel
c73504704acae0b5396ef8a51fe4ecc8;John Prine
c73504704acae0b5396ef8a51fe4ecc8;Kenneth C. "Jethro" Burns
c73504704acae0b5396ef8a51fe4ecc8;Jimmy Buffett
c73504704acae0b5396ef8a51fe4ecc8;Bonnie Koloc
c73504704acae0b5396ef8a51fe4ecc8;Steve Martin
c73504704acae0b5396ef8a51fe4ecc8;Tom Paxton
c73504704acae0b5396ef8a51fe4ecc8;David Allan Coe
9f088a6fcfe7e0b4fee74f5d577216cb;The Blue Moon Orchestra
9f088a6fcfe7e0b4fee74f5d577216cb;The Crickets
9f088a6fcfe7e0b4fee74f5d577216cb;Darius Rucker
9f088a6fcfe7e0b4fee74f5d577216cb;The Kennedys
9f088a6fcfe7e0b4fee74f5d577216cb;James McMurtry
4509b45b558fb8ddecce8d338305febd;Shenandoah
4509b45b558fb8ddecce8d338305febd;Pete Seeger
4509b45b558fb8ddecce8d338305febd;Woody Guthrie
2433a14b9a823f0933fd81071ba1a1b6;The Frames
2433a14b9a823f0933fd81071ba1a1b6;The Swell Season
2433a14b9a823f0933fd81071ba1a1b6;Markéta Irglová
2433a14b9a823f0933fd81071ba1a1b6;Eddie Vedder
6eb97699174b302aa46a0c94764faa1d;Allen & Grier
638e96f59df766c6a683d01ac2b1bd88;India Bourne
638e96f59df766c6a683d01ac2b1bd88; Nat Wason
638e96f59df766c6a683d01ac2b1bd88; Mickey Smith
638e96f59df766c6a683d01ac2b1bd88; Kyle Keegan
638e96f59df766c6a683d01ac2b1bd88; Richard Thomas
638e96f59df766c6a683d01ac2b1bd88; Chris Bond
638e96f59df766c6a683d01ac2b1bd88; Andrew "Bear" Bond
638e96f59df766c6a683d01ac2b1bd88;Willy Mason
70ffb448186108629c2a41e8f20eab7f;Isaac Russell
70ffb448186108629c2a41e8f20eab7f;Desert Noises
70ffb448186108629c2a41e8f20eab7f;Parlor Hawk
70ffb448186108629c2a41e8f20eab7f;Northplatte Records
051e3b864db0d5dfb9a177b01b27dcad;Pentangle
e30ec9b11b0dbace203c71663805a9a2;Jefferson Airplane
e30ec9b11b0dbace203c71663805a9a2;Hot Tuna
e30ec9b11b0dbace203c71663805a9a2;Michael Falzarano
2364c3bb51d13cadcb06f11d9bbe9300;Paul Kelly and the Dots
2364c3bb51d13cadcb06f11d9bbe9300; Paul Kelly and the Coloured Girls
2364c3bb51d13cadcb06f11d9bbe9300; Paul Kelly and the Messengers
2364c3bb51d13cadcb06f11d9bbe9300; Paul Kelly and the Stormwater Boys
2364c3bb51d13cadcb06f11d9bbe9300; Uncle Bill
2364c3bb51d13cadcb06f11d9bbe9300;Professor Ratbaggy
2364c3bb51d13cadcb06f11d9bbe9300; Paul Kelly and the Boon Companions
2364c3bb51d13cadcb06f11d9bbe9300;Stardust Five
2364c3bb51d13cadcb06f11d9bbe9300;Dan Kelly
9dddf39cef4fc4701aabe6bc14efd95a;James Taylor
9dddf39cef4fc4701aabe6bc14efd95a;the City
9dddf39cef4fc4701aabe6bc14efd95a;Danny Kortchmar
9dddf39cef4fc4701aabe6bc14efd95a;Neil Sedaka
9dddf39cef4fc4701aabe6bc14efd95a;Gerry Goffin
9dddf39cef4fc4701aabe6bc14efd95a;Louise Goffin
9dddf39cef4fc4701aabe6bc14efd95a;Soraya
750670fd9031d34a409facb36b20847b;Dire Straits
62f659a9b1ca960bd2b80ad083e9c494;Dire Straits
62f659a9b1ca960bd2b80ad083e9c494;The Notting Hillbillies
62f659a9b1ca960bd2b80ad083e9c494;Chet Atkins
62f659a9b1ca960bd2b80ad083e9c494;Bob Dylan
62f659a9b1ca960bd2b80ad083e9c494;Eric Clapton
62f659a9b1ca960bd2b80ad083e9c494;Emmylou Harris
62f659a9b1ca960bd2b80ad083e9c494;Sonny Landreth
62f659a9b1ca960bd2b80ad083e9c494;Sting
62f659a9b1ca960bd2b80ad083e9c494;Brewers Droop
f311dca712c03b1b8f58c7d1427f91ac;Small Faces
f311dca712c03b1b8f58c7d1427f91ac;Faces
f311dca712c03b1b8f58c7d1427f91ac;Slim Chance
f311dca712c03b1b8f58c7d1427f91ac;Ronnie Lane's Big Dipper
f311dca712c03b1b8f58c7d1427f91ac;Ronnie Lane and the 7 Samurai
f311dca712c03b1b8f58c7d1427f91ac;Pete Townshend
f311dca712c03b1b8f58c7d1427f91ac;Ronnie Wood
bb082e284374f055a23a5493f28d11da;Beverley Martyn
072c21f2b4b06c51654ffecbf4611c0c;Richard Thompson
072c21f2b4b06c51654ffecbf4611c0c;Danny Thompson
072c21f2b4b06c51654ffecbf4611c0c;Fotheringay
a34cf94fb07f22d6914fbad0575d0aaa;Guy Clark
a34cf94fb07f22d6914fbad0575d0aaa;Nancy Griffith
a34cf94fb07f22d6914fbad0575d0aaa;David Grissom
a34cf94fb07f22d6914fbad0575d0aaa; (former lead guitarist)
a34cf94fb07f22d6914fbad0575d0aaa;Joe Ely
a34cf94fb07f22d6914fbad0575d0aaa;Ray Wylie Hubbard
a34cf94fb07f22d6914fbad0575d0aaa;John Mellencamp
47e7c647ecc1b5de9cf6b0e18301a6b0;The GP's
47e7c647ecc1b5de9cf6b0e18301a6b0;Fairport Convention
47e7c647ecc1b5de9cf6b0e18301a6b0;Billy Connolly
308fad72a69ea9c7d0956bebe63308e8;Crosby
308fad72a69ea9c7d0956bebe63308e8; Stills
308fad72a69ea9c7d0956bebe63308e8; Nash and Young
308fad72a69ea9c7d0956bebe63308e8;James Taylor
308fad72a69ea9c7d0956bebe63308e8;L.A. Express
308fad72a69ea9c7d0956bebe63308e8;Jaco Pastorius
308fad72a69ea9c7d0956bebe63308e8;Wayne Shorter
308fad72a69ea9c7d0956bebe63308e8;Herbie Hancock
308fad72a69ea9c7d0956bebe63308e8;Charles Mingus
308fad72a69ea9c7d0956bebe63308e8;Larry Klein
308fad72a69ea9c7d0956bebe63308e8;Thomas Dolby
308fad72a69ea9c7d0956bebe63308e8;David Crosby
308fad72a69ea9c7d0956bebe63308e8;Stephen Stills
308fad72a69ea9c7d0956bebe63308e8;Graham Nash
308fad72a69ea9c7d0956bebe63308e8;Robben Ford
308fad72a69ea9c7d0956bebe63308e8;Neil Young
308fad72a69ea9c7d0956bebe63308e8;The Band
9f9f5ecc76f89e9751c618a91b363ab7;Them
3bf37e8a9197f5c62e1989abebacfe5a;The Velvet Underground
3bf37e8a9197f5c62e1989abebacfe5a;John Cale
3bf37e8a9197f5c62e1989abebacfe5a;Lou Reed
3bf37e8a9197f5c62e1989abebacfe5a;Brian Jones
3bf37e8a9197f5c62e1989abebacfe5a;Kevin Ayers
3bf37e8a9197f5c62e1989abebacfe5a;John Cooper Clarke
3bf37e8a9197f5c62e1989abebacfe5a;The Invisible Girls
3bf37e8a9197f5c62e1989abebacfe5a;Blue Orchids
3bf37e8a9197f5c62e1989abebacfe5a;Bob Dylan
3bf37e8a9197f5c62e1989abebacfe5a;Brian Eno
3bf37e8a9197f5c62e1989abebacfe5a;Iggy Pop
866417476b6a1e4aaf4ef2a7fdc7bcbf;The Journeymen
866417476b6a1e4aaf4ef2a7fdc7bcbf;The Mamas & the Papas
866417476b6a1e4aaf4ef2a7fdc7bcbf;The Beach Boys
e879b140cc7855a7b5b6abddd01f7f1c;Steve Goodman
15e05c108f2a8377e1f0fc1a485e77f0;Hot Water Music
c60d8bfd2ab2feaab3cf9e6d8b8af815;John & Mary
c60d8bfd2ab2feaab3cf9e6d8b8af815;10
c60d8bfd2ab2feaab3cf9e6d8b8af815;000 Maniacs
96d3761bb3e307614bac9e889eb96489;The Frames
96d3761bb3e307614bac9e889eb96489;Hilary Hahn
96d3761bb3e307614bac9e889eb96489;Bob Weir
eb825f542cce3898322343350d84e9ce;The Young Veins
eb825f542cce3898322343350d84e9ce;Panic! at the Disco
464f7996322380a98a1e776e825d883c;Eric Von Schmidt
50403c10353ddd91d956a6be9f49a8c5;The Turncoats
4ef1ec417601d5ea70d4833bb5ad2e30;Simon & Garfunkel
4ef1ec417601d5ea70d4833bb5ad2e30;Art Garfunkel
4ef1ec417601d5ea70d4833bb5ad2e30;Ladysmith Black Mambazo
4ef1ec417601d5ea70d4833bb5ad2e30;Paul McCartney
c0692798ac9422b6ded2d420275ca397;Jan and Dean
c0692798ac9422b6ded2d420275ca397;Barry McGuire
c0692798ac9422b6ded2d420275ca397;The Mamas & the Papas
c0692798ac9422b6ded2d420275ca397;The Grass Roots
f6e23856f4556453b7a37caab98cd375;Loretta Lynn
e5534866acd9f859bd3644a1d8f04de3;Alun Davies
33836b856b2593d5ab396c5a90ec03a3;Laura Stevenson & the Cans
33836b856b2593d5ab396c5a90ec03a3;Bomb the Music Industry!
33836b856b2593d5ab396c5a90ec03a3;Latterman
33836b856b2593d5ab396c5a90ec03a3;Kudrow
f68ffbdabe90fdf315e86bb0c5dc7a28;The Cumberland Three
f68ffbdabe90fdf315e86bb0c5dc7a28;The Kingston Trio
77e9f14567ca6080cca8162213981d36;Montezumas
77e9f14567ca6080cca8162213981d36;Bon Iver
77e9f14567ca6080cca8162213981d36;Strand of Oaks
77e9f14567ca6080cca8162213981d36;Idiot Wind
e216b1d976e68d5c547e13e7a9626505;Fairport Convention
e216b1d976e68d5c547e13e7a9626505;The Bunch
e216b1d976e68d5c547e13e7a9626505;Linda Thompson
e216b1d976e68d5c547e13e7a9626505;Kamila Thompson
e216b1d976e68d5c547e13e7a9626505;French Frith Kaiser Thompson
e216b1d976e68d5c547e13e7a9626505;Danny Thompson
e216b1d976e68d5c547e13e7a9626505;Teddy Thompson
e216b1d976e68d5c547e13e7a9626505;The Golden Palominos
e216b1d976e68d5c547e13e7a9626505;Pete Zorn
603b94ecb22a9dabfe8d2c350b1d8129;Richard Thompson
603b94ecb22a9dabfe8d2c350b1d8129;Linda Thompson
603b94ecb22a9dabfe8d2c350b1d8129;Kamila Thompson
603b94ecb22a9dabfe8d2c350b1d8129;Rufus Wainwright
603b94ecb22a9dabfe8d2c350b1d8129;Martha Wainwright
603b94ecb22a9dabfe8d2c350b1d8129;Rosanne Cash
603b94ecb22a9dabfe8d2c350b1d8129; The Grey Race
603b94ecb22a9dabfe8d2c350b1d8129; Poundcake
e10a8bb674e9362aaa41aadaa21ad91b;Pearl Jam
e10a8bb674e9362aaa41aadaa21ad91b;Citizen Dick
e10a8bb674e9362aaa41aadaa21ad91b;Glen Hansard
e10a8bb674e9362aaa41aadaa21ad91b;Cat Power
e10a8bb674e9362aaa41aadaa21ad91b;Bad Radio
e10a8bb674e9362aaa41aadaa21ad91b;Temple of the Dog
e10a8bb674e9362aaa41aadaa21ad91b;Hovercraft
e10a8bb674e9362aaa41aadaa21ad91b;7 Worlds Collide
e10a8bb674e9362aaa41aadaa21ad91b;C Average
e10a8bb674e9362aaa41aadaa21ad91b;Mike Watt
e10a8bb674e9362aaa41aadaa21ad91b;Wellwater Conspiracy
e10a8bb674e9362aaa41aadaa21ad91b;The Who
e10a8bb674e9362aaa41aadaa21ad91b;Neil Young
e10a8bb674e9362aaa41aadaa21ad91b;Queens of the Stone Age
09822230c47cb8014ed3cff4f1f195dc;Joe Jackson
09822230c47cb8014ed3cff4f1f195dc;Danger Mouse
09822230c47cb8014ed3cff4f1f195dc;Sparklehorse
09822230c47cb8014ed3cff4f1f195dc;Jonathan Coulton
09822230c47cb8014ed3cff4f1f195dc;Duncan Sheik
09822230c47cb8014ed3cff4f1f195dc;Shawn Colvin
4c0a216edf6dc697f9bdfb68dec8935d;Dave Rawlings Machine
4c0a216edf6dc697f9bdfb68dec8935d;Old Crow Medicine Show
cc4b7fa65a7cb4a1bf40884a83865f02;Idlewild
cc4b7fa65a7cb4a1bf40884a83865f02;John McCusker
cc4b7fa65a7cb4a1bf40884a83865f02;Kris Drever
cc4b7fa65a7cb4a1bf40884a83865f02;Kate Rusby
cc4b7fa65a7cb4a1bf40884a83865f02;The Reindeer Section
cc4b7fa65a7cb4a1bf40884a83865f02;Karine Polwart
85aec06d593a709d2c4632db2fdc5f93;CBS Orchestra
85aec06d593a709d2c4632db2fdc5f93;Billy Bob Thornton
85aec06d593a709d2c4632db2fdc5f93;Jackson Browne
85aec06d593a709d2c4632db2fdc5f93;David Lindley
85aec06d593a709d2c4632db2fdc5f93;Waddy Wachtel
85aec06d593a709d2c4632db2fdc5f93;Bruce Springsteen
85aec06d593a709d2c4632db2fdc5f93;Dwight Yoakam
85aec06d593a709d2c4632db2fdc5f93;Hindu Love Gods
85aec06d593a709d2c4632db2fdc5f93;Linda Ronstadt
85aec06d593a709d2c4632db2fdc5f93;The Everly Brothers
85aec06d593a709d2c4632db2fdc5f93;Don Everly
85aec06d593a709d2c4632db2fdc5f93;Phil Everly
85aec06d593a709d2c4632db2fdc5f93;Richie Hayward
85aec06d593a709d2c4632db2fdc5f93;Jack Casady
85aec06d593a709d2c4632db2fdc5f93;Chick Corea
85aec06d593a709d2c4632db2fdc5f93;Jerry Garcia
85aec06d593a709d2c4632db2fdc5f93;David Gilmour
85aec06d593a709d2c4632db2fdc5f93;Neil Young
85aec06d593a709d2c4632db2fdc5f93;Don Henley
85aec06d593a709d2c4632db2fdc5f93;George Clinton
85aec06d593a709d2c4632db2fdc5f93;Timothy B. Schmit
85aec06d593a709d2c4632db2fdc5f93;Bob Dylan
85aec06d593a709d2c4632db2fdc5f93;Joe Walsh
85aec06d593a709d2c4632db2fdc5f93;Emmylou Harris
85aec06d593a709d2c4632db2fdc5f93;Tom Petty
85aec06d593a709d2c4632db2fdc5f93;The Eagles
85aec06d593a709d2c4632db2fdc5f93;R.E.M.
85aec06d593a709d2c4632db2fdc5f93;The Turtles
85aec06d593a709d2c4632db2fdc5f93;lyme and cybelle
85aec06d593a709d2c4632db2fdc5f93;Jorge Calderón
85aec06d593a709d2c4632db2fdc5f93;Stevie Nicks
85aec06d593a709d2c4632db2fdc5f93;Rock Bottom Remainders
85aec06d593a709d2c4632db2fdc5f93;David Marks
85aec06d593a709d2c4632db2fdc5f93;Widespread Panic
2e952e6051a37d6855a08cb37ad30b7f;Crosby & Nash
2e952e6051a37d6855a08cb37ad30b7f;The Stills-Young Band
2e952e6051a37d6855a08cb37ad30b7f;Buffalo Springfield
2e952e6051a37d6855a08cb37ad30b7f;The Byrds
2e952e6051a37d6855a08cb37ad30b7f;The Hollies
2e952e6051a37d6855a08cb37ad30b7f;The Rides
2e952e6051a37d6855a08cb37ad30b7f;CPR
31e851213d7d44a0c45a1f0b5e383c11;Great Speckled Bird
5acbea1ef4b81eb4ae31b36ba41ea761;Baby Lemonade
85e2f2edd982d2f09d26d74f068108a7;Even Dozen Jug Band
85e2f2edd982d2f09d26d74f068108a7;The Mugwumps
4b48146a837bd9c01329acdb96eefb54;The New Journeymen
4b48146a837bd9c01329acdb96eefb54;The Mugwumps
3f7e743455653345135bccffa8e3c4ed;Cher
3f7e743455653345135bccffa8e3c4ed; (solo career)
f5f8ff69dc84effcf3cf2f60dc8aa313;Flo & Eddie
f5f8ff69dc84effcf3cf2f60dc8aa313;The Mothers of Invention
ae481b7bbbaed62686eb8e369fdf8fc5;Jesse Colin Young
ae481b7bbbaed62686eb8e369fdf8fc5; Lowell Levinger - Banana From The Youngbloods
ae481b7bbbaed62686eb8e369fdf8fc5; Corbitt & Daniels
ae481b7bbbaed62686eb8e369fdf8fc5; The Noggins
ae481b7bbbaed62686eb8e369fdf8fc5; HT Rabin
ae481b7bbbaed62686eb8e369fdf8fc5;Pablo Cruise
ca8da42bb942d231dc453a0a88b8cf81;Fairport Convention
ca8da42bb942d231dc453a0a88b8cf81;Steeleye Span
ca8da42bb942d231dc453a0a88b8cf81;Home Service
ca8da42bb942d231dc453a0a88b8cf81;Etchingham Steam Band
9ad1203d8600a1a8552b291d9f79a9fd;Fairport Convention
9ad1203d8600a1a8552b291d9f79a9fd;Strawbs
9ad1203d8600a1a8552b291d9f79a9fd;Fotheringay
9ad1203d8600a1a8552b291d9f79a9fd;The Bunch
9ad1203d8600a1a8552b291d9f79a9fd;Led Zeppelin
3c57d6c16a9230f3e921d8ef46f53b7c;Fotheringay
3c57d6c16a9230f3e921d8ef46f53b7c;Trader Horne
3c57d6c16a9230f3e921d8ef46f53b7c;Steeleye Span
3c57d6c16a9230f3e921d8ef46f53b7c;Giles
3c57d6c16a9230f3e921d8ef46f53b7c; Giles and Fripp
3c57d6c16a9230f3e921d8ef46f53b7c;The Albion Band
3c57d6c16a9230f3e921d8ef46f53b7c;Jethro Tull
98ce00c546983f0c2cba518ca0262b2c;Fairport Convention
98ce00c546983f0c2cba518ca0262b2c;The Bunch
2d8389be255628dbd3a3e07b2bb82355;Tony Capstick
2d8389be255628dbd3a3e07b2bb82355;Doonan Family Band
2d8389be255628dbd3a3e07b2bb82355;Jack the Lad
2d8389be255628dbd3a3e07b2bb82355;Steeleye Span
264966cc473fdfaeed5620282a163eb7;Lindisfarne
264966cc473fdfaeed5620282a163eb7;Hedgehog Pie
9ff49b0452ebe09b31997570ba2f3295;Gabriel Yacoub
9ff49b0452ebe09b31997570ba2f3295; Marie de Malicorne
9ff49b0452ebe09b31997570ba2f3295; La Confrérie des Fous
9ff49b0452ebe09b31997570ba2f3295;Le Quatuor
76ee6462d5300fe84250c0a939a75530;Fairport Convention
76ee6462d5300fe84250c0a939a75530;Plainsong
76ee6462d5300fe84250c0a939a75530; Matthews Southern Comfort
aee9b7080654158b08f426de9f79c197;The John Renbourn Group
0c48bd573c684cc1d90f6e727bb3f5af;The Woods Band
0c48bd573c684cc1d90f6e727bb3f5af;The Carnival Band
0c48bd573c684cc1d90f6e727bb3f5af;Silly Sisters
f658074da41270ce1a62cf0ba62eceb2;Tinderbox
909c0209e8e7612ac221461cd253c925;Street Dogs
909c0209e8e7612ac221461cd253c925;The Bruisers
909c0209e8e7612ac221461cd253c925;The Ducky Boys
909c0209e8e7612ac221461cd253c925;Everybody Out!
909c0209e8e7612ac221461cd253c925;The Outlets
909c0209e8e7612ac221461cd253c925;Bruce Springsteen
7a01a6b92bae7398a532ec7e662754cf;Orthodox Celts
1da549768401be42a246817a9982af67;Barbara Dickson
1da549768401be42a246817a9982af67;Barry & Robin Dransfield
1da549768401be42a246817a9982af67;Happy Traum
1da549768401be42a246817a9982af67;Humblebums
1da549768401be42a246817a9982af67;Planxty
1da549768401be42a246817a9982af67;Brenda Wootton
bacebbe5b5a17c5da931b0a323181e92;Jack the Lad
bacebbe5b5a17c5da931b0a323181e92; The Ghosts of Electricity
70334ae85d591987c9710bee322a28b9;The Pogues
70334ae85d591987c9710bee322a28b9; Swill And The Swaggerband
70334ae85d591987c9710bee322a28b9; Odgers & Simmonds
70334ae85d591987c9710bee322a28b9; Liberty Cage
579a05b5797587412a5b6841154d11b4;Planxty
579a05b5797587412a5b6841154d11b4;Dónal Lunny
579a05b5797587412a5b6841154d11b4;Christy Moore
579a05b5797587412a5b6841154d11b4;Davy Spillane
a0b7a9f91f500bee9093085848472fbb;Shane MacGowan and the Popes
a0b7a9f91f500bee9093085848472fbb;Alabama 3
a0b7a9f91f500bee9093085848472fbb;Hayseed Dixie
826c624c8578a102ff141ee59c467658;Roze Poze
826c624c8578a102ff141ee59c467658; Pachamama
826c624c8578a102ff141ee59c467658;Ruž
826c624c8578a102ff141ee59c467658;Irish Stew of Sindidun
826c624c8578a102ff141ee59c467658; Despot
abf4d91772f614088c17fe04101fe009;Dan Ar Braz
abf4d91772f614088c17fe04101fe009;Dave Pegg
abf4d91772f614088c17fe04101fe009;Jimme O'Neill
abf4d91772f614088c17fe04101fe009;Stéphane Mellino
abf4d91772f614088c17fe04101fe009;Dr Das
abf4d91772f614088c17fe04101fe009;Bagad Kemper
da4d92fdb893fef0c7e8ddc66c7699c3;The Paperboys
da4d92fdb893fef0c7e8ddc66c7699c3;The Wonder Stuff
da4d92fdb893fef0c7e8ddc66c7699c3;Paul Hyde
da4d92fdb893fef0c7e8ddc66c7699c3;Linda McRae & Cheerful Lonesome
da4d92fdb893fef0c7e8ddc66c7699c3;Great Big Sea
8ccac67fe829a27f39cce88959df6f67;Angels & Airwaves
8ccac67fe829a27f39cce88959df6f67;The (International) Noise Conspiracy
8ccac67fe829a27f39cce88959df6f67;Rocket from the Crypt
8ccac67fe829a27f39cce88959df6f67;Hot Water Music
8ccac67fe829a27f39cce88959df6f67;Forgetters
81d516f77953069c37812b5165d88b6b;Ghost Mice
81d516f77953069c37812b5165d88b6b;Mischief Brew
81d516f77953069c37812b5165d88b6b;Cobra Skulls
81d516f77953069c37812b5165d88b6b;Bomb the Music Industry!
67ee783405d08d1d5c69adf0651b171e;Barnstormer
67ee783405d08d1d5c69adf0651b171e;English Disease
67ee783405d08d1d5c69adf0651b171e;Brighton Riot Squad
67ee783405d08d1d5c69adf0651b171e;Contingent
6b7cd74d47a196ef8afc966de25fa064;Sangre De Muerdago
6b7cd74d47a196ef8afc966de25fa064; Lynched
6b7cd74d47a196ef8afc966de25fa064; The Hail Seizures
e97f7de4de0b4b0664f7b9c8d3f2ef68;Tomorrow The Gallows
e97f7de4de0b4b0664f7b9c8d3f2ef68; Mischief Brew
e97f7de4de0b4b0664f7b9c8d3f2ef68; This Bike Is A Pipe Bomb
667ee069cd7a5a529b2254b328c6e50b;Night Gaunts
667ee069cd7a5a529b2254b328c6e50b; Rail Yard Ghosts
667ee069cd7a5a529b2254b328c6e50b; Broken Bow
667ee069cd7a5a529b2254b328c6e50b; Brando Chemtrails
667ee069cd7a5a529b2254b328c6e50b; Chicos Del Muertos
667ee069cd7a5a529b2254b328c6e50b; Arroyo Deathmatch
667ee069cd7a5a529b2254b328c6e50b; My Pizza My World
667ee069cd7a5a529b2254b328c6e50b; Decathect
667ee069cd7a5a529b2254b328c6e50b; Chad Hates George
667ee069cd7a5a529b2254b328c6e50b; Escape From The Zoo
667ee069cd7a5a529b2254b328c6e50b;Leftover Crack
ed2ec2a051134985440d670a501d6594;Swingin' Utters
ed2ec2a051134985440d670a501d6594;Camper Van Beethoven
599b84295821e7f70e8964fe48006990;Galloping Wonder Stag
f7f08352845c3e8986643f6f5d566d57;Galloping Coroners
6f009f2b76dcdae0f1b67f64f394dd51;The Horrible Crowes
6f009f2b76dcdae0f1b67f64f394dd51;Bruce Springsteen
6f009f2b76dcdae0f1b67f64f394dd51;Something About Death Or Dying
6f009f2b76dcdae0f1b67f64f394dd51;This Charming Man
6f009f2b76dcdae0f1b67f64f394dd51;Molly and the Zombies
6f009f2b76dcdae0f1b67f64f394dd51;Antarctigo Vespucci
a59887e9088438e720a24c0e639078e3;AJJ
a59887e9088438e720a24c0e639078e3;Operation: Cliff Clavin
a59887e9088438e720a24c0e639078e3;Disarm
a59887e9088438e720a24c0e639078e3;The Devil Is Electric
ca29f858bf23ecfdfa5b70b0e9f6c600;Balkan Beat Box
6826ed3241d8cce0564c84ab946e4ac3;Schwervon!
6826ed3241d8cce0564c84ab946e4ac3;Kimya Dawson
6826ed3241d8cce0564c84ab946e4ac3;Major Matt Mason USA
6826ed3241d8cce0564c84ab946e4ac3;Jack Lewis
6826ed3241d8cce0564c84ab946e4ac3;Adam Green
6826ed3241d8cce0564c84ab946e4ac3;Diane Cluck
1d2c96626f9790ff23ba5b8795902620;Playtime Posse
1d2c96626f9790ff23ba5b8795902620; Michael Jordan Touchdown Pass
1d2c96626f9790ff23ba5b8795902620; Wingnut Dishwashers Union
1d2c96626f9790ff23ba5b8795902620; Ramshackle Glory
e88a064b836f702ca900ea3f95f1387b;Moldy Peaches
e88a064b836f702ca900ea3f95f1387b;Aesop Rock
e88a064b836f702ca900ea3f95f1387b;The Uncluded
e88a064b836f702ca900ea3f95f1387b;Antsy Pants
c56674c87b4af325c70f01ee14dd8d2d;The Orphans
c56674c87b4af325c70f01ee14dd8d2d; Kettle Rebellion
c56674c87b4af325c70f01ee14dd8d2d; Meisce
c56674c87b4af325c70f01ee14dd8d2d;Red Devil
c56674c87b4af325c70f01ee14dd8d2d; Guignol
c56674c87b4af325c70f01ee14dd8d2d; Mohawktown
a60f50bad7bb3434909e4bdc84dafb06;Justin Sullivan and Friends
a60f50bad7bb3434909e4bdc84dafb06; Red Sky Coven
a60f50bad7bb3434909e4bdc84dafb06; Blackballed
c2cb559e489a165e8cd865c7cd151c52;The Orphans
c2cb559e489a165e8cd865c7cd151c52; Kettle Rebellion
c2cb559e489a165e8cd865c7cd151c52; Meisce
c2cb559e489a165e8cd865c7cd151c52;Red Devil
c2cb559e489a165e8cd865c7cd151c52; Guignol
c2cb559e489a165e8cd865c7cd151c52; Mohawktown
7b9445927be57a4e6a30eac5242a5473;Phinius Gage
7b9445927be57a4e6a30eac5242a5473; Lay it on the Line
b2ca0759944838cbfcfc865d9b7d3de3;Million Dead
b2ca0759944838cbfcfc865d9b7d3de3;Jon Snodgrass
b2ca0759944838cbfcfc865d9b7d3de3;Reuben
b2ca0759944838cbfcfc865d9b7d3de3;The Record Buying Public
b2ca0759944838cbfcfc865d9b7d3de3;Jason Isbell
b2ca0759944838cbfcfc865d9b7d3de3;Chris Stapleton
b2ca0759944838cbfcfc865d9b7d3de3;Kneejerk
b2ca0759944838cbfcfc865d9b7d3de3;Badger Doritos
b2ca0759944838cbfcfc865d9b7d3de3;Albuquerque Meat Hat
b2ca0759944838cbfcfc865d9b7d3de3;Dive Dive
b2ca0759944838cbfcfc865d9b7d3de3;Möngöl Hörde
b2ca0759944838cbfcfc865d9b7d3de3;Ben Marwood
b2ca0759944838cbfcfc865d9b7d3de3;Flogging Molly
b2ca0759944838cbfcfc865d9b7d3de3;Brian Fallon
b2ca0759944838cbfcfc865d9b7d3de3;The Gaslight Anthem
3def31baa93a077532955ed9db6ed6fc;3 Mustaphas 3
3def31baa93a077532955ed9db6ed6fc;Cats Laughing
3def31baa93a077532955ed9db6ed6fc;Steven Brust
3def31baa93a077532955ed9db6ed6fc; Felonious Bosch
3def31baa93a077532955ed9db6ed6fc; Todd Menton
3def31baa93a077532955ed9db6ed6fc; Robin Adnan Anders
3def31baa93a077532955ed9db6ed6fc; Darbuki Kings
3def31baa93a077532955ed9db6ed6fc; Marc Anderson
aa763da414e706f146bc195f7473348d;Street Dogs
aa763da414e706f146bc195f7473348d;Real McKenzies
aa763da414e706f146bc195f7473348d;Dropkick Murphys
aa763da414e706f146bc195f7473348d;Flogging Molly
aa763da414e706f146bc195f7473348d;The Gobshites
aa763da414e706f146bc195f7473348d; Pub Crawlers
aa763da414e706f146bc195f7473348d;Neck
7559ecfe97b128b5db1498af80605110;Tommy Ramone
7559ecfe97b128b5db1498af80605110;Charm City Saints
7559ecfe97b128b5db1498af80605110;Davy Jones
4960f2d4d80f95c4c5f9c67bf5992601;Na Gathan
4960f2d4d80f95c4c5f9c67bf5992601;Nad Aislingean
4960f2d4d80f95c4c5f9c67bf5992601;Là Luain
5fdf83f3c7aec8775224eb68e57ddf4c;Dropkick Murphys
5fdf83f3c7aec8775224eb68e57ddf4c;The Mighty Mighty Bosstones
5fdf83f3c7aec8775224eb68e57ddf4c;Roger Miret and the Disasters
5fdf83f3c7aec8775224eb68e57ddf4c;The Bruisers
5fdf83f3c7aec8775224eb68e57ddf4c;The Kickovers
5fdf83f3c7aec8775224eb68e57ddf4c;The Outlets
5fdf83f3c7aec8775224eb68e57ddf4c;Flatfoot 56
285a071ae3c51e84ebca7d81d2e829ef;Filthy Thievin' Bastards
285a071ae3c51e84ebca7d81d2e829ef;Me First and the Gimme Gimmes
285a071ae3c51e84ebca7d81d2e829ef;Re-volts
285a071ae3c51e84ebca7d81d2e829ef;Viva Hate
285a071ae3c51e84ebca7d81d2e829ef;One Man Army
285a071ae3c51e84ebca7d81d2e829ef;Dead to Me
285a071ae3c51e84ebca7d81d2e829ef;ToyGuitar
65103c0eb78ead3c6216b0acc3d2819e;Scott Lucas and the Married Men
8bc8230cb2a53e93e94df02ad8070ff6;Antestor
8bc8230cb2a53e93e94df02ad8070ff6;Manes
8bc8230cb2a53e93e94df02ad8070ff6;Novembre
8bc8230cb2a53e93e94df02ad8070ff6; Tactile Gemma
8bc8230cb2a53e93e94df02ad8070ff6; The Soundbyte
e9b27dc1df98feb8d3c8b3906fb309a0;R.E.M.
e4dd66dbdbccfc2ca95832699c6d9701;Academy Four · 
e4dd66dbdbccfc2ca95832699c6d9701;The Crane Wives
e4dd66dbdbccfc2ca95832699c6d9701; · Miriam Pico · E Minor · Blue Eyed Sun · 
e4dd66dbdbccfc2ca95832699c6d9701;Angela Josephine
e4dd66dbdbccfc2ca95832699c6d9701; · Blake Elliot · The Appleseed Collective · Olivia Mainville · Missy Zenker · The Way Down Wanderers · Oh Brother
e4dd66dbdbccfc2ca95832699c6d9701; Big Sister · Rick Chyme · 
e4dd66dbdbccfc2ca95832699c6d9701;Jenny Conlee
fe9ea41f36fdb5f53948ef9fcbb302c2;The Brothers Creeggan
fe9ea41f36fdb5f53948ef9fcbb302c2;Kevin Hearn and Thin Buckle
fe9ea41f36fdb5f53948ef9fcbb302c2;Yukon Kornelius
fe9ea41f36fdb5f53948ef9fcbb302c2;The Vanity Project
e930e474ea51295ee63019937615a431;Kodeksi
e930e474ea51295ee63019937615a431;Jutro
e930e474ea51295ee63019937615a431;Indexi
e930e474ea51295ee63019937615a431;Smak
e930e474ea51295ee63019937615a431; Formula 4
e930e474ea51295ee63019937615a431;Teška Industrija
e930e474ea51295ee63019937615a431; Amila
e930e474ea51295ee63019937615a431;Divlje Jagode
e930e474ea51295ee63019937615a431;Vatreni Poljubac
0277bf31bc27f70662f2bfe556baf371;Age of Silence
0277bf31bc27f70662f2bfe556baf371;Arcturus
0277bf31bc27f70662f2bfe556baf371;Cronian
0277bf31bc27f70662f2bfe556baf371;Dimmu Borgir
0277bf31bc27f70662f2bfe556baf371;Enslaved
0277bf31bc27f70662f2bfe556baf371;Fission
0277bf31bc27f70662f2bfe556baf371;Gorgoroth
0277bf31bc27f70662f2bfe556baf371; Havayoth
0277bf31bc27f70662f2bfe556baf371;ICS Vortex
0277bf31bc27f70662f2bfe556baf371;Immortal
0277bf31bc27f70662f2bfe556baf371;Lamented Souls
0277bf31bc27f70662f2bfe556baf371;Otyg
0277bf31bc27f70662f2bfe556baf371;Solefald
0277bf31bc27f70662f2bfe556baf371;Spiral Architect
0277bf31bc27f70662f2bfe556baf371; Thornbound
0277bf31bc27f70662f2bfe556baf371;Ulver
0277bf31bc27f70662f2bfe556baf371;Vintersorg
0277bf31bc27f70662f2bfe556baf371;Waterclime
0277bf31bc27f70662f2bfe556baf371;Soulfly
0277bf31bc27f70662f2bfe556baf371;Iron Monkey
07a9e6545d4ed27ab2efe0a8a76289bd;Džentlmeni
07a9e6545d4ed27ab2efe0a8a76289bd;Iskre
07a9e6545d4ed27ab2efe0a8a76289bd;Siluete
07a9e6545d4ed27ab2efe0a8a76289bd;YU grupa
07a9e6545d4ed27ab2efe0a8a76289bd;Opus
07a9e6545d4ed27ab2efe0a8a76289bd; Dogovor iz 1804
07a9e6545d4ed27ab2efe0a8a76289bd;Crni Biseri
07a9e6545d4ed27ab2efe0a8a76289bd;Pop Mašina
07a9e6545d4ed27ab2efe0a8a76289bd;Gordi
07a9e6545d4ed27ab2efe0a8a76289bd;Rokeri s Moravu
07a9e6545d4ed27ab2efe0a8a76289bd;Rok Mašina
5e24749b7f66475186b9089d970772d2;The Revivalists
5e24749b7f66475186b9089d970772d2;Dave Matthews & Friends
5e24749b7f66475186b9089d970772d2;Dave Matthews and Tim Reynolds
5e24749b7f66475186b9089d970772d2;Béla Fleck and the Flecktones
5e24749b7f66475186b9089d970772d2;Phish
5736e1bb52d2a57ec8ff97aa793565c1;Norrsken
f94efa207a6b20f81712cc241ec8c41f;Filarfolket
f94efa207a6b20f81712cc241ec8c41f;Groupa
0df6d98bdf75325509b9f96a7be34e28;David Gilmour
59205605b50459cab7f0051d4d27296e;The Duke & the King
0d3543abbee4df385be66f82969cb10c;New Grass Revival
0d3543abbee4df385be66f82969cb10c;Strength in Numbers
0d3543abbee4df385be66f82969cb10c;Béla Fleck and the Flecktones
0d3543abbee4df385be66f82969cb10c;Abigail Washburn
0d3543abbee4df385be66f82969cb10c;Sparrow Quartet
bf05b1ed507e4299ffdf31738c58e75f;So You're a Man
bf05b1ed507e4299ffdf31738c58e75f;The Black Seeds
bf05b1ed507e4299ffdf31738c58e75f;The Humourbeasts
bf05b1ed507e4299ffdf31738c58e75f;Rhys Darby
bf05b1ed507e4299ffdf31738c58e75f;Kristen Schaal
bf05b1ed507e4299ffdf31738c58e75f;Arj Barker
bf05b1ed507e4299ffdf31738c58e75f;David O'Doherty
54142e0f298d649b713a429ab1c862fe;Fat Freddy's Drop
54142e0f298d649b713a429ab1c862fe;The Black Seeds
54142e0f298d649b713a429ab1c862fe;The Phoenix Foundation
54142e0f298d649b713a429ab1c862fe;TrinityRoots
54142e0f298d649b713a429ab1c862fe;Hollie Smith
54142e0f298d649b713a429ab1c862fe;Kora
a94b7ce9ba3715d562552e75e47bff4e;Schandmaul
a94b7ce9ba3715d562552e75e47bff4e;Sava
bfffca734cd65c704c24bd103c65b98b;Triakel
a6d8e08af67e3cd78109b1bd0c0c31e4;Ginger
a6d8e08af67e3cd78109b1bd0c0c31e4;Lava Hay
881d71ae1a475d9a3bd50f3b369d444a;Ricky Skaggs
881d71ae1a475d9a3bd50f3b369d444a;Robert Earl Keen
881d71ae1a475d9a3bd50f3b369d444a;Jerry Salley
881d71ae1a475d9a3bd50f3b369d444a;Austin Lounge Lizards
881d71ae1a475d9a3bd50f3b369d444a;Kasey Chambers
881d71ae1a475d9a3bd50f3b369d444a;Gina Jeffreys
881d71ae1a475d9a3bd50f3b369d444a;Pat Flynn
881d71ae1a475d9a3bd50f3b369d444a;Ronnie Bowman
ee543bc83c62ed3d2613d568cb450411;Pekinška Patka
ee543bc83c62ed3d2613d568cb450411;Luna
ee543bc83c62ed3d2613d568cb450411;Kontraritam
ee543bc83c62ed3d2613d568cb450411;Amajlija
ee543bc83c62ed3d2613d568cb450411;GeroMetal
ee543bc83c62ed3d2613d568cb450411; Erupcija
aca66e68655189ed510df513d0906e3e;Cyndi Lauper
aca66e68655189ed510df513d0906e3e;Joan Osborne
d0edfba43b2c6026b4b6420634595776;Joan Baez
d0edfba43b2c6026b4b6420634595776;Michael Stipe
d0edfba43b2c6026b4b6420634595776;R.E.M.
d0edfba43b2c6026b4b6420634595776;Mary Chapin Carpenter
d0edfba43b2c6026b4b6420634595776;Ferron
d0edfba43b2c6026b4b6420634595776;disappear fear
d0edfba43b2c6026b4b6420634595776;Brandi Carlile
d0edfba43b2c6026b4b6420634595776;P!nk
acf1d6c8c4f95c7f95376961fd0f43f6;Punch Brothers
acf1d6c8c4f95c7f95376961fd0f43f6;Keller Williams
acf1d6c8c4f95c7f95376961fd0f43f6;Ryan Adams
acf1d6c8c4f95c7f95376961fd0f43f6;Phil Lesh and Friends
acf1d6c8c4f95c7f95376961fd0f43f6;Nicki Bluhm
acf1d6c8c4f95c7f95376961fd0f43f6;Greensky Bluegrass
acf1d6c8c4f95c7f95376961fd0f43f6;The String Cheese Incident
acf1d6c8c4f95c7f95376961fd0f43f6;Josh Shilling
06fd9e6cfa3fe321009350052d8644ee;Congreso
06fd9e6cfa3fe321009350052d8644ee;Violeta Parra
06fd9e6cfa3fe321009350052d8644ee;Pablo Neruda
7534f000d2092d87ec9a106158dfa0a3;Ten Out of Tenn
51ae7d9ad0cf527649123acf1ff7c4ec;Indexi
51ae7d9ad0cf527649123acf1ff7c4ec;Elipse
51ae7d9ad0cf527649123acf1ff7c4ec;Time
51ae7d9ad0cf527649123acf1ff7c4ec;Ambasadori
bd0e518fae2b9c91cceb850cd4c20604;Chris Simpson
bd0e518fae2b9c91cceb850cd4c20604;Fairport Convention
bd0e518fae2b9c91cceb850cd4c20604;Steeleye Span
bd0e518fae2b9c91cceb850cd4c20604;Ralph McTell
bd0e518fae2b9c91cceb850cd4c20604;Cat Stevens
bd0e518fae2b9c91cceb850cd4c20604;Dear Reader
bd0e518fae2b9c91cceb850cd4c20604;S.L.Y.
bd0e518fae2b9c91cceb850cd4c20604;Arlyn
01a2b429da070fe8e3e03e668a92eb2c;Derek Webb
b5aac0ac4a0e998a367a4738420149e4;Gillian Welch
b5aac0ac4a0e998a367a4738420149e4; and 
b5aac0ac4a0e998a367a4738420149e4;David Rawlings
b5aac0ac4a0e998a367a4738420149e4;Mumford & Sons
b5aac0ac4a0e998a367a4738420149e4;The Felice Brothers
b5aac0ac4a0e998a367a4738420149e4;Justin Townes Earle
b5aac0ac4a0e998a367a4738420149e4;The Hackensaw Boys
b5aac0ac4a0e998a367a4738420149e4;Jason White
41a9600a8d0ccb68d83e10de0e41b882;Kim Taylor
41a9600a8d0ccb68d83e10de0e41b882;Servant
2d454da7fc208dba6cf616a5a66206c7;Verasy
810556a112cd8ae964bc8cb55a33a524;Andy Gullahorn
f8ccad1b92662cc88404a0f63077c3cf;Richard Thompson
f8ccad1b92662cc88404a0f63077c3cf;Linda Thompson
f8ccad1b92662cc88404a0f63077c3cf;Teddy Thompson
f8ccad1b92662cc88404a0f63077c3cf;Eliza Carthy
f8ccad1b92662cc88404a0f63077c3cf;Edwyn Collins
1f915e58cadb3676ea9138414162a554;The Yardbirds
1f915e58cadb3676ea9138414162a554;The Nashville Teens
1f915e58cadb3676ea9138414162a554;Illusion
1f915e58cadb3676ea9138414162a554;Nevada
1f915e58cadb3676ea9138414162a554;I and Thou
1f915e58cadb3676ea9138414162a554;Renaissant
da77ce3c2eb392ed6ef400043ea859c3;Finish Ticket
da77ce3c2eb392ed6ef400043ea859c3;Rooney
2ba2b382329f07d256f96af01f31e723;Tako
2ba2b382329f07d256f96af01f31e723;Tunel
2ba2b382329f07d256f96af01f31e723;Bilja & Bistrik
f74437cc78682b4b555478f39fdc0b00;Bijelo Dugme
f74437cc78682b4b555478f39fdc0b00;Leb i Sol
f74437cc78682b4b555478f39fdc0b00;Neverne Bebe
f74437cc78682b4b555478f39fdc0b00;Generacija 5
f74437cc78682b4b555478f39fdc0b00; Deliverance Inc.
79ff9ea370e50a57bcb9010951987f8e;Fair
79ff9ea370e50a57bcb9010951987f8e;Rose Blossom Punch
79ff9ea370e50a57bcb9010951987f8e;Poor Old Lu
1b4f23b0f4a6659487569c4e463ad676;Rumbledore
1b4f23b0f4a6659487569c4e463ad676;Professor Elemental
1b4f23b0f4a6659487569c4e463ad676;The Cog is Dead
977d9f87b6e2a79bd14092f05aee1f1b;Sandy Denny
977d9f87b6e2a79bd14092f05aee1f1b;Hudson Ford
977d9f87b6e2a79bd14092f05aee1f1b;The Monks
455e5efef92ac1a827e8f14422e6d181;Ángel Parra Trío
455e5efef92ac1a827e8f14422e6d181;Los Titulares
455e5efef92ac1a827e8f14422e6d181;Pettinellis
6da81819f19bf51578495b886dc41e83;Colours
6da81819f19bf51578495b886dc41e83;John Butler Trio
0f8e3c4cae3a4683328f6aa19e529129;Caedmon's Call
0f8e3c4cae3a4683328f6aa19e529129;Sandra McCracken
0f8e3c4cae3a4683328f6aa19e529129;The Normals
1d2497c8bf9f1ef271c2329f592f7a15;The Marshwiggles
1d2497c8bf9f1ef271c2329f592f7a15;Thom Scarecrow
1d2497c8bf9f1ef271c2329f592f7a15;Original Harmony Ridge Creekdippers
1d2497c8bf9f1ef271c2329f592f7a15;The Wrenfields
caf84cd7f34686b2087dc52b8229beb7;The Revivalists
caf84cd7f34686b2087dc52b8229beb7;Medeski Martin & Wood
caf84cd7f34686b2087dc52b8229beb7; King Johnson
454591f85b21aa308e67b62da1a2394d;Džentlmeni
454591f85b21aa308e67b62da1a2394d;Siluete
454591f85b21aa308e67b62da1a2394d;Opus
454591f85b21aa308e67b62da1a2394d;Pop Mašina
454591f85b21aa308e67b62da1a2394d;Dah
454591f85b21aa308e67b62da1a2394d;Zdravo
454591f85b21aa308e67b62da1a2394d;Zebra
454591f85b21aa308e67b62da1a2394d;Leb i Sol
454591f85b21aa308e67b62da1a2394d;Kerber
454591f85b21aa308e67b62da1a2394d;Bjesovi
