f09e3beb2649bc25e457344e62ac8386;Randy Owen
f09e3beb2649bc25e457344e62ac8386;Teddy Gentry
f09e3beb2649bc25e457344e62ac8386;Jeff Cook
5b5a809874c0ffcfa9f5b3b4be774293;Billy Earheart
5b5a809874c0ffcfa9f5b3b4be774293; III
5b5a809874c0ffcfa9f5b3b4be774293;Russell Smith
5b5a809874c0ffcfa9f5b3b4be774293;Lorne Rall
5b5a809874c0ffcfa9f5b3b4be774293;Kelvin Holly
5b5a809874c0ffcfa9f5b3b4be774293;Mark Horn
e9c491b0f82975102366c9ba16b74412;Kimberly Perry
e9c491b0f82975102366c9ba16b74412;Neil Perry
e9c491b0f82975102366c9ba16b74412;Reid Perry
da2d743b9f30385b76617c00a0d9b089;Big Kenny
da2d743b9f30385b76617c00a0d9b089;John Rich
8c7968d07f26e7ba3e4976da287b007f;Brian Carpenter
8c7968d07f26e7ba3e4976da287b007f;Tim Rossi
8c7968d07f26e7ba3e4976da287b007f;Matt Anastasi
8c7968d07f26e7ba3e4976da287b007f;Rick Krasowski
321eac3ba02acec3c4b9c9f5f52c8253;Paul Jackson
321eac3ba02acec3c4b9c9f5f52c8253;Charlie Starr
321eac3ba02acec3c4b9c9f5f52c8253;Brandon Still
321eac3ba02acec3c4b9c9f5f52c8253;Brit Turner
321eac3ba02acec3c4b9c9f5f52c8253;Richard Turner
47c09e2a6fb0c8cbb14cac27532a332c;Jim Cuddy
47c09e2a6fb0c8cbb14cac27532a332c;Bazil Donovan
47c09e2a6fb0c8cbb14cac27532a332c;Greg Keelor
47c09e2a6fb0c8cbb14cac27532a332c;Glenn Milchem
47c09e2a6fb0c8cbb14cac27532a332c;Mike Boguski
47c09e2a6fb0c8cbb14cac27532a332c;Colin Cripps
de967ce511ec16bf5ddf442a382bd8f2;George Frayne (Commander Cody)
de967ce511ec16bf5ddf442a382bd8f2;Steve Barbuto
de967ce511ec16bf5ddf442a382bd8f2;Mark Emerick
de967ce511ec16bf5ddf442a382bd8f2;Randy Bramwell
de967ce511ec16bf5ddf442a382bd8f2;Greg Irwin (interim)
f9ae14169b2e3dc0e9cc12c0009e0705;Chris Hillman
f9ae14169b2e3dc0e9cc12c0009e0705;Herb Pederson
f9ae14169b2e3dc0e9cc12c0009e0705;John Jorgenson
f9ae14169b2e3dc0e9cc12c0009e0705;Bill Bryson
e22bba383c9be62b3425a99a0fcd9481;Tom Johnston
e22bba383c9be62b3425a99a0fcd9481;Patrick Simmons
e22bba383c9be62b3425a99a0fcd9481;John McFee
e22bba383c9be62b3425a99a0fcd9481;John Cowan
e22bba383c9be62b3425a99a0fcd9481;Bill Payne
e22bba383c9be62b3425a99a0fcd9481;Marc Russo
e22bba383c9be62b3425a99a0fcd9481;Ed Toth
0e16d4f30f15daaa0d6d61363889022a;Ryan Clackner
0e16d4f30f15daaa0d6d61363889022a;Kevin Hogle
0e16d4f30f15daaa0d6d61363889022a;Jason Parsons
0e16d4f30f15daaa0d6d61363889022a;Justin Wells
6492e69b8799bdc4cb370eb5664e71c9;Jock Bartley
6492e69b8799bdc4cb370eb5664e71c9;Mark Andes
6492e69b8799bdc4cb370eb5664e71c9;David Muse
6492e69b8799bdc4cb370eb5664e71c9;Sandy Ficca
6492e69b8799bdc4cb370eb5664e71c9;Gary Jones
93c238dca94e4ed8bed1b49bdbc37838;West Coast Line Up
93c238dca94e4ed8bed1b49bdbc37838;Charlie Gearheart/Acoustic Guitar-Percussion-Vocals
93c238dca94e4ed8bed1b49bdbc37838;Paul"Pearl"Spradlin/Electric & Acoustic Guitars-Jews Harp-Vocals
93c238dca94e4ed8bed1b49bdbc37838;Bob"Willard"Henke/Electric & Acoustic Guitars-Bass-Keyboards-Percussion-Jews Harp-Vocals
93c238dca94e4ed8bed1b49bdbc37838;Jon Parry/Fiddle
93c238dca94e4ed8bed1b49bdbc37838;Pat Moore/Bass
93c238dca94e4ed8bed1b49bdbc37838;Dennis Kenmore/Drums
93c238dca94e4ed8bed1b49bdbc37838;East Coast Line Up
93c238dca94e4ed8bed1b49bdbc37838;Charlie Gearheart/Acoustic Guitar-Percussion-Vocals
93c238dca94e4ed8bed1b49bdbc37838;Paul"Pearl"Spradlin/Electric & Acoustic Guitars-Jews Harp-Vocals
93c238dca94e4ed8bed1b49bdbc37838;Bob"Willard"Henke/Electric & Acoustic Guitars-Bass-Keyboards-Percussion-Jews Harp-Vocals
93c238dca94e4ed8bed1b49bdbc37838;Jon Parry/Fiddle
93c238dca94e4ed8bed1b49bdbc37838;Dan McGlamery/Electric & Acoustic Guitars
93c238dca94e4ed8bed1b49bdbc37838;David Heyer/Drums
93c238dca94e4ed8bed1b49bdbc37838;Doug Habbena/Bass-Vocals
98bcabdfededce941a2211ce2b0690cd;Greg Martin
98bcabdfededce941a2211ce2b0690cd;Fred Young
98bcabdfededce941a2211ce2b0690cd;Richard Young
98bcabdfededce941a2211ce2b0690cd;Doug Phelps
72a1ae67451083b0f2d26c6a3792411d;Doug Gray
72a1ae67451083b0f2d26c6a3792411d; (original member)
72a1ae67451083b0f2d26c6a3792411d;Marcus James Henderson
72a1ae67451083b0f2d26c6a3792411d;Chris Hicks
72a1ae67451083b0f2d26c6a3792411d;Rick Willis
72a1ae67451083b0f2d26c6a3792411d;Tony Black
72a1ae67451083b0f2d26c6a3792411d;B.B. Borden
7c0ff72ddfa24f76a703a796acf3fd46;David Nelson
7c0ff72ddfa24f76a703a796acf3fd46;Buddy Cage
7c0ff72ddfa24f76a703a796acf3fd46;Michael Falzarano
7c0ff72ddfa24f76a703a796acf3fd46;Ronnie Penque
7c0ff72ddfa24f76a703a796acf3fd46;Johnny Markowski
123ab6011417d5fd781b169a17705997;Bob Carpenter
123ab6011417d5fd781b169a17705997;Jimmie Fadden
123ab6011417d5fd781b169a17705997;Jeff Hanna
123ab6011417d5fd781b169a17705997;John McEuen
5cf708300ba257dc57999dd136e802fc;Monte Yoho
5cf708300ba257dc57999dd136e802fc;Henry Paul
5cf708300ba257dc57999dd136e802fc;Steve Grisham
5cf708300ba257dc57999dd136e802fc;Chris Anderson
5cf708300ba257dc57999dd136e802fc;Randy Threet
5cf708300ba257dc57999dd136e802fc;Dave Robbins
fff522f3350e899f441338aef823cf48;John Dillon
fff522f3350e899f441338aef823cf48;Mike 'Supe' Granda
fff522f3350e899f441338aef823cf48;Steve Cash
fff522f3350e899f441338aef823cf48;Bill Jones
fff522f3350e899f441338aef823cf48;Ruell Chappell
fff522f3350e899f441338aef823cf48;Ron Gremp
fff522f3350e899f441338aef823cf48;Dave Painter
fff522f3350e899f441338aef823cf48;Kelly Brown
fff522f3350e899f441338aef823cf48;Nick Sibley
3e4ad5c9ec54f14d4452964b66c9f07e;Rusty Young
3e4ad5c9ec54f14d4452964b66c9f07e;Jack Sundrud
3e4ad5c9ec54f14d4452964b66c9f07e;George Lawrence
3e4ad5c9ec54f14d4452964b66c9f07e;Michael Webb
3e4ad5c9ec54f14d4452964b66c9f07e;Rick Lonow
6e00b301acae74ac8d1dbce22b04bb46;Gary LeVox
6e00b301acae74ac8d1dbce22b04bb46;Jay DeMarcus
6e00b301acae74ac8d1dbce22b04bb46;Joe Don Rooney
934de8afa611d7e365853df9726043f2;Alan Tyler
934de8afa611d7e365853df9726043f2;Sean Read
934de8afa611d7e365853df9726043f2;Andy Hackett
934de8afa611d7e365853df9726043f2;Patrick Arbuthnot
934de8afa611d7e365853df9726043f2;Dave Morgan
934de8afa611d7e365853df9726043f2;Marc Duncan
2aee3b294b72d7ba1f77f730671affdb;Mike Ness
2aee3b294b72d7ba1f77f730671affdb;Jonny "2 Bags" Wickersham
2aee3b294b72d7ba1f77f730671affdb;Brent Harding
2aee3b294b72d7ba1f77f730671affdb;David Hidalgo
2aee3b294b72d7ba1f77f730671affdb; Jr.
2aee3b294b72d7ba1f77f730671affdb;David Kalish
92a72b21ba3f76cb871b8487fdd942eb;Kristian Bush
92a72b21ba3f76cb871b8487fdd942eb;Jennifer Nettles
3be65a82dfd55680674d18ccdc69463a;Tyler Connolly
3be65a82dfd55680674d18ccdc69463a;Dave Brenner
3be65a82dfd55680674d18ccdc69463a;Dean Back
3be65a82dfd55680674d18ccdc69463a;Joey Dandeneau
6a09f174de2bb229bf385fc7b746566a;Zach Brown
6a09f174de2bb229bf385fc7b746566a;Michael Hobby
6a09f174de2bb229bf385fc7b746566a;Graham DeLoach
6a09f174de2bb229bf385fc7b746566a;Bill Satcher
7e925aafe5d9e4a145e2d4e2694b5c69;Michael Poulsen
7e925aafe5d9e4a145e2d4e2694b5c69;Jon Larsen
7e925aafe5d9e4a145e2d4e2694b5c69;Rob Caggiano
7e925aafe5d9e4a145e2d4e2694b5c69;Kaspar Boye Larsen
30f5803b3c9a9ff1176b57d09c80e3cf;Dave Banks
30f5803b3c9a9ff1176b57d09c80e3cf;Ben Haswell
30f5803b3c9a9ff1176b57d09c80e3cf;Luke Tuchscherer
b881b1c51c757dcac56db68540be5e74;Zac Brown
b881b1c51c757dcac56db68540be5e74;Coy Bowles
b881b1c51c757dcac56db68540be5e74;Clay Cook
b881b1c51c757dcac56db68540be5e74;Daniel de los Reyes
b881b1c51c757dcac56db68540be5e74;Matt Mangano
b881b1c51c757dcac56db68540be5e74;Jimmy De Martini
b881b1c51c757dcac56db68540be5e74;Chris Fryar
b881b1c51c757dcac56db68540be5e74;John Driskell Hopkins
