025078449196d59602de24f00036077c;Dogday
99eb354421bcf6c00e3cbe0fb27ac887;Bad Boy
99eb354421bcf6c00e3cbe0fb27ac887;Def Jam
006ac7f5381f75c819887a8e242f3949;Reach
8b823673d1cbd2e0acc725d088b5d2d2;Rubber
8b823673d1cbd2e0acc725d088b5d2d2;Sony
a62112478afc3b4ba16aa640e41606f0;Cutting
a62112478afc3b4ba16aa640e41606f0;Charisma
a62112478afc3b4ba16aa640e41606f0;Virgin
a62112478afc3b4ba16aa640e41606f0;EMI Records
73fd73a6c3122446a720c23b3aedfb6e;Fresh Beat / Macola Records
73fd73a6c3122446a720c23b3aedfb6e;Luke Records
73fd73a6c3122446a720c23b3aedfb6e;Lil Joe Records
0651260460a3d0fd8631db0488d5ba9d;Capricorn
0651260460a3d0fd8631db0488d5ba9d;Volcano
0651260460a3d0fd8631db0488d5ba9d;Dolphins vs. Unicorns
83d5cd2c39a79439e4ea87c6d4f2a89c;TVT
83d5cd2c39a79439e4ea87c6d4f2a89c;Doggystyle Records
83d5cd2c39a79439e4ea87c6d4f2a89c;Priority Records
83d5cd2c39a79439e4ea87c6d4f2a89c; (2009-2011)
359ac24d9aba6a2ed168085067829fd2;Profile
359ac24d9aba6a2ed168085067829fd2;Death Row
359ac24d9aba6a2ed168085067829fd2;Arista
28dc3256dcd2eb5a6b5b4f4070f594de;Capitol Records
28dc3256dcd2eb5a6b5b4f4070f594de;Warner/Chappell Music
66d56a6126aeca9e4d2095025cca8cd7;Def Jam
66d56a6126aeca9e4d2095025cca8cd7;Columbia
66d56a6126aeca9e4d2095025cca8cd7;SME Records
dd7fc7c6d4eb3beff524f0c2f4b56302;Str8 Game Records
dd7fc7c6d4eb3beff524f0c2f4b56302;Virgin Records
9f0c603eb91d361e82164216e70d1975;Priority Records
9f0c603eb91d361e82164216e70d1975; Big League Records
9f0c603eb91d361e82164216e70d1975; Inc.
cec68dc4ee32e2bcc33099e8c6667069;One Records
22d5518e507f7fc15e9592dd4af3a492;Lookalive
22d5518e507f7fc15e9592dd4af3a492;Interscope
22d5518e507f7fc15e9592dd4af3a492;Gotee
365d5cf97a74f12e90fdd8ddc7404b72;No Limit
365d5cf97a74f12e90fdd8ddc7404b72;Priority
365d5cf97a74f12e90fdd8ddc7404b72; New No Limit
365d5cf97a74f12e90fdd8ddc7404b72;Universal Records
365d5cf97a74f12e90fdd8ddc7404b72;Gutta
365d5cf97a74f12e90fdd8ddc7404b72;Koch
daf189fde4abf1c218bc5cd3465a0e41;Priority
daf189fde4abf1c218bc5cd3465a0e41;Virgin Records
daf189fde4abf1c218bc5cd3465a0e41;Virgin Records
daf189fde4abf1c218bc5cd3465a0e41;Rap-A-Lot
daf189fde4abf1c218bc5cd3465a0e41; Underground
43325661c354b69845a30e79af28b779;Rap-a-Lot
0a0af824db2b569cd38626f289d196b6;Ca$hville Records
0a0af824db2b569cd38626f289d196b6; (2006-Present)
3f63959b6977085356bcd2797cad3da9;Rip-It/
3f63959b6977085356bcd2797cad3da9;Big Beat
3f63959b6977085356bcd2797cad3da9;Interscope
b63c3fbddcd86bce66dae1077106ec2c;Babygrande Records
b63c3fbddcd86bce66dae1077106ec2c;Fly Casual Creative
b63c3fbddcd86bce66dae1077106ec2c;Brick Records
67263ae96afd29537d42ea2a97ab31f8;Brick Squad Monopoly
67263ae96afd29537d42ea2a97ab31f8;Mizay Entertainment
67263ae96afd29537d42ea2a97ab31f8;FBG
4e4d7b0b7411e3ca3d8748cae40b243b;Suave House
4e4d7b0b7411e3ca3d8748cae40b243b;Grand Hustle
4e4d7b0b7411e3ca3d8748cae40b243b;E1 Music
4e4d7b0b7411e3ca3d8748cae40b243b;Bad Boy South
4e4d7b0b7411e3ca3d8748cae40b243b;Real Talk
2d50ab8c75e5ec6f60b7f647ae188ba6;Wrap Records
2d50ab8c75e5ec6f60b7f647ae188ba6;RCA Records
96ecc151674610c90e755a02618544c1;Ruthless
96ecc151674610c90e755a02618544c1;Giant
96ecc151674610c90e755a02618544c1;Warner Bros.
96ecc151674610c90e755a02618544c1;Death Row
96ecc151674610c90e755a02618544c1;Tommy Boy
96ecc151674610c90e755a02618544c1;Street Solid
33911616d7ff78ec8ca643ca9dbca1b8;urSESSION
81c316866a846522850c4bf9834f0b49;MZEE
81c316866a846522850c4bf9834f0b49; 360° Records
37dbcecd4b5daa6582e5b88368bee202;Derrty Ent.
37dbcecd4b5daa6582e5b88368bee202;Universal Republic Records
888e5a82bbf8f4665c350703a0b0d33a;Loud
888e5a82bbf8f4665c350703a0b0d33a;Waxploitation
6b72d97999d084fef605afec19369e78;Hoo-Bangin' Records
6b72d97999d084fef605afec19369e78;Priority Records
d76a8a20738911a558d1ac3907c8e759;Rap-A-Lot Records
d76a8a20738911a558d1ac3907c8e759;Tommy Boy
d76a8a20738911a558d1ac3907c8e759;Warner Bros. Records
d76a8a20738911a558d1ac3907c8e759;RCA
d76a8a20738911a558d1ac3907c8e759;BMG Records
3b843f1c835f67147a61034bebe4eeb5;Ground Control Records
d1bb8605839998e094ffbc631cb669cd;Biv 10 Records
d1bb8605839998e094ffbc631cb669cd;Another Bad Creation LLC
70434e0e6e959e37253829434bf5650f;Warp
70434e0e6e959e37253829434bf5650f;75 Ark
70434e0e6e959e37253829434bf5650f;Big Dada
d6864e7cb9f707141b4d94946aaf8dbe;Babygrande
d6864e7cb9f707141b4d94946aaf8dbe; Enemy Soil
930fa30559529617f1b0ae829858e0f8;Universal Music Publishing Group
504cefd4751e7d5c9f7709c5aee2fcc6;Fondle 'Em
504cefd4751e7d5c9f7709c5aee2fcc6;Matador
c6bbfd9755a6f5a7aaa95dc5b7481030;Ricordi
c6bbfd9755a6f5a7aaa95dc5b7481030; (1990-1998)
c6bbfd9755a6f5a7aaa95dc5b7481030;BMG
c6bbfd9755a6f5a7aaa95dc5b7481030; (1998-2003)
f1e603b917e4f5a7a2ce30dcdef94733;Big Beat
f1e603b917e4f5a7a2ce30dcdef94733;Atlantic Records
a7bf4273f6369dff7d5dde5df37d02a1;ASAP Worldwide
a7bf4273f6369dff7d5dde5df37d02a1;Polo Grounds
a7bf4273f6369dff7d5dde5df37d02a1;RCA
dc6a444afa75be7d4e79e86418431731;Rhymesayers Entertainment
302f5d2384c0b55906255382be373355;Hits Since '87
302f5d2384c0b55906255382be373355;Interscope Records
51827f11de240f6d9fde607d59edf1dd;First Priority Music
51827f11de240f6d9fde607d59edf1dd;Atlantic Records
0ed8307458262f8554384217df250174;TS Entertainment
0ed8307458262f8554384217df250174;King Records
b8ee06540cb907c83df5caa1fcdd893f;Bankroll Mafia LLC.
6ed14b9369d199e75c2aaf76f3bceca3;Big Hit Entertainment
6ed14b9369d199e75c2aaf76f3bceca3;Pony Canyon
6ed14b9369d199e75c2aaf76f3bceca3; (2014-2017 in Japan)
6ed14b9369d199e75c2aaf76f3bceca3;Def Jam Japan
6ed14b9369d199e75c2aaf76f3bceca3; (Japan
6ed14b9369d199e75c2aaf76f3bceca3; 2017-present)
fcc621a5ba897349bb84b61aaa518049;E1
fcc621a5ba897349bb84b61aaa518049;Ruthless
fcc621a5ba897349bb84b61aaa518049;BTNH
fcc621a5ba897349bb84b61aaa518049;Full Surface
fcc621a5ba897349bb84b61aaa518049;WMG
fcc621a5ba897349bb84b61aaa518049;Universal
e8d3864f92b129802a6d5d94e32120b6;AMMA Record
e8d3864f92b129802a6d5d94e32120b6;Cat Music
e8d3864f92b129802a6d5d94e32120b6;Media Services
e8d3864f92b129802a6d5d94e32120b6;Casa Productions
60c2c977ed414791c52d80551b1a7b09;One Records
60c2c977ed414791c52d80551b1a7b09;Prohibicija
60c2c977ed414791c52d80551b1a7b09;ITMM
3ee554d772f9b43bd7bdcf372ba44869;Shady
3ee554d772f9b43bd7bdcf372ba44869;(present)
3ee554d772f9b43bd7bdcf372ba44869;Interscope
3ee554d772f9b43bd7bdcf372ba44869;(former)
3ee554d772f9b43bd7bdcf372ba44869;Game Recordings
3ee554d772f9b43bd7bdcf372ba44869;(former)
84ee2afcf16c6a0a12ba2bcbaca1054b;Imago
84ee2afcf16c6a0a12ba2bcbaca1054b; Union of Vineyard Workers
4bfd22ec899a13d93fdb4c6f62de0c5e;Rat Cage
4bfd22ec899a13d93fdb4c6f62de0c5e;Def Jam
4bfd22ec899a13d93fdb4c6f62de0c5e;Capitol
4bfd22ec899a13d93fdb4c6f62de0c5e;Grand Royal
ff51bdf9b576ab99ce5431f1f3dc1584;Beat Junkie Sound
077377e26321caec79f8460d7b4971da;Combat Records
077377e26321caec79f8460d7b4971da;Relativity Records
077377e26321caec79f8460d7b4971da;Violator Management
077377e26321caec79f8460d7b4971da;Loud Records
077377e26321caec79f8460d7b4971da;Landspeed Records
077377e26321caec79f8460d7b4971da;Penalty Recordings
6da8db757930a85c2e87a526c0e11a52;Buback
6da8db757930a85c2e87a526c0e11a52;Universal
ec41fd0e75ac1c7a66e2343ec851c37b;MCA
ec41fd0e75ac1c7a66e2343ec851c37b;Biv 10
ec41fd0e75ac1c7a66e2343ec851c37b;eOne Music
6bd67db0913e9b7ae7a62aa4d51e8590;Prohibicija
6bd67db0913e9b7ae7a62aa4d51e8590;Automatik Records
3e7f4f44c0421a510b8169b68d55ea1a;YG Entertainment
3e7f4f44c0421a510b8169b68d55ea1a;Avex
3e7f4f44c0421a510b8169b68d55ea1a;Warner Music Taiwan
9a856bb9998990beaf65d1e8224ae55f;Riot Records
9a856bb9998990beaf65d1e8224ae55f;Sony
9a856bb9998990beaf65d1e8224ae55f;Epic
9a856bb9998990beaf65d1e8224ae55f; RAF/Genetic
64c696d0ee7244b4474e4082f4efa593;Cash Money Records
64c696d0ee7244b4474e4082f4efa593;Republic Records
db574132d8d025b75ef45d47b2b5030a;Subterraneous
e4113c3b3e4fb96b04797c9794c06664;Rap-A-Lot Records
34bb4eaf1dbb2fd2d3e9be8cfe5564f7;EMI
34bb4eaf1dbb2fd2d3e9be8cfe5564f7;Mercury
34bb4eaf1dbb2fd2d3e9be8cfe5564f7;Shanachie
34bb4eaf1dbb2fd2d3e9be8cfe5564f7;Tim Kerr
34bb4eaf1dbb2fd2d3e9be8cfe5564f7; United for Opportunity
b56b75468d832de8902f869d167bcecd;Interscope
b56b75468d832de8902f869d167bcecd;will.i.am
b56b75468d832de8902f869d167bcecd;A&M
eec515329c48f04d00616046b409e840;Top Dawg
f1fbd1cb2116d0af5393ea1d2b7639c0;Performance Records
64d0072fdd1c029374eec9520eb98332;Duck Down Records
64d0072fdd1c029374eec9520eb98332;Nervous Records
1d228f370d6a342d84e721513076fe3d;Mercury
1d228f370d6a342d84e721513076fe3d;PolyGram
ce7ead4df5ee98c6ce9fe85355d5486d;Rawkus Records
ed64d7598a42d0a7f41422924c48b31b;Quannum Projects
ed64d7598a42d0a7f41422924c48b31b;MCA
ed64d7598a42d0a7f41422924c48b31b;Universal Records
ed64d7598a42d0a7f41422924c48b31b;SoleSides
ed64d7598a42d0a7f41422924c48b31b;ANTI-
0f6c88df726b0f9aba4bba220c6cfb84;East West
0f6c88df726b0f9aba4bba220c6cfb84; (2001 05
0f6c88df726b0f9aba4bba220c6cfb84; 2009)
0f6c88df726b0f9aba4bba220c6cfb84;Polydor
0f6c88df726b0f9aba4bba220c6cfb84; (2005 06)
6aa2ef39ebabb85a21f6949783485568;Obese
6aa2ef39ebabb85a21f6949783485568;Illusive
90669562a90c94160afc733ddba626d6;Ruthless
90669562a90c94160afc733ddba626d6;Relativity
90669562a90c94160afc733ddba626d6; Atomic Pop
004569d8ed3393f7ec92c8498c2bcc10;Warlock Records
004569d8ed3393f7ec92c8498c2bcc10;U.S.
004569d8ed3393f7ec92c8498c2bcc10;Dangerous Records
004569d8ed3393f7ec92c8498c2bcc10;U.S.
dd75db743234a9a08981cdf1fa0267a8;Massline Media
dd75db743234a9a08981cdf1fa0267a8;Rawkus
dd75db743234a9a08981cdf1fa0267a8;Duck Down
1578beb7c3e5f847fc9f0530c26b518e;Body Head Bangers Music
2d2a9e2e02528e34c7f4234c201dd4e1;E1
2d2a9e2e02528e34c7f4234c201dd4e1;Ruthless
2d2a9e2e02528e34c7f4234c201dd4e1;BTNH
2d2a9e2e02528e34c7f4234c201dd4e1;Full Surface
2d2a9e2e02528e34c7f4234c201dd4e1;WMG
2d2a9e2e02528e34c7f4234c201dd4e1;Universal
edd11f44792a88bdcd6e35bbdc6a8a77;Rockland
edd11f44792a88bdcd6e35bbdc6a8a77;Cash Money
edd11f44792a88bdcd6e35bbdc6a8a77;Universal
241191b6d66f6fafe01288806627371f;4th & B'way
241191b6d66f6fafe01288806627371f;Island Records
241191b6d66f6fafe01288806627371f;Samoan Mafia Records
241191b6d66f6fafe01288806627371f;Hollywood BASIC
f5e4a81a023e90b178854e4e6797c906;Capitol
2a20a35a7c2e0383baf6f6f59acf8979;B-Boy Records
2a20a35a7c2e0383baf6f6f59acf8979;Jive
2a20a35a7c2e0383baf6f6f59acf8979;RCA Records
d57ad9018b37eb96dcc71231a4eab33f;Duck Down Records
c3f68a67134d57e560f46c1c6846d8e4;Boss Hogg Outlawz
c3f68a67134d57e560f46c1c6846d8e4;E1
9e7aeda3048f889d428f2fce0716cc89;Big Shot
9e7aeda3048f889d428f2fce0716cc89; Clover G Records
a888442e4e24617cb61393a7d5bed192;Block
a888442e4e24617cb61393a7d5bed192;Bad Boy South
a888442e4e24617cb61393a7d5bed192;Atlantic
a4253a340ebbe20ca08656382932dbc4;Elektra Records
a4253a340ebbe20ca08656382932dbc4;Arista
a4253a340ebbe20ca08656382932dbc4;BMG Records
a4253a340ebbe20ca08656382932dbc4;Babygrande Records
ea0134d12366fc15914bd112cc7c3b98;54th/
ea0134d12366fc15914bd112cc7c3b98;Virgin Music Canada
dae9832ce7f11e38ff40ca839a812e87;The Jones Experience
dae9832ce7f11e38ff40ca839a812e87;Def Jam Recordings
fdb0824b8111f9c428c8b2f4321eefba;4skin
fdb0824b8111f9c428c8b2f4321eefba;Kru-Cut
3f353b1e8f4f29c6ed107b020be383f1;Sphinx Music Entertainment
3f353b1e8f4f29c6ed107b020be383f1; 319 Music Group
3f353b1e8f4f29c6ed107b020be383f1;Capitol Records
70f14857a43c07bb493c59635f26517e;Soul Fever
70f14857a43c07bb493c59635f26517e;Profile
70f14857a43c07bb493c59635f26517e;Arista
70f14857a43c07bb493c59635f26517e;BMG Records
70f14857a43c07bb493c59635f26517e;SRC/
70f14857a43c07bb493c59635f26517e;Universal Records
f16c5a4f68e62640de8f51693221ad25;Definitive Jux
f16c5a4f68e62640de8f51693221ad25; IGC Records/
f16c5a4f68e62640de8f51693221ad25;iHipHop Distribution
6f7d0dcef77c69bbc02a84846f48b9de;Capitol
fb9a01408b1b12b436ebd18349e409e1;Penalty
fb9a01408b1b12b436ebd18349e409e1; (1996   1999
fb9a01408b1b12b436ebd18349e409e1; 2014   present)
fb9a01408b1b12b436ebd18349e409e1;Tommy Boy
fb9a01408b1b12b436ebd18349e409e1; (1996 2001)
fb9a01408b1b12b436ebd18349e409e1;Def Jam
fb9a01408b1b12b436ebd18349e409e1; (2001 2005)
fb9a01408b1b12b436ebd18349e409e1;SMC
fb9a01408b1b12b436ebd18349e409e1; (2008 2011)
fb9a01408b1b12b436ebd18349e409e1;IceH²O Records (2009 2011)
add8190b5daed3fea2000c96b686f5bc;PolyGram
add8190b5daed3fea2000c96b686f5bc; (1995 2011)
add8190b5daed3fea2000c96b686f5bc;GRGDN
add8190b5daed3fea2000c96b686f5bc; (2011 present)
f66ecf66050a3979cfbde4e85e1a6dd0;Cash Money
f66ecf66050a3979cfbde4e85e1a6dd0;Universal
0ccfe4219c6959773696e462ef976bee;Universal Republic
0ccfe4219c6959773696e462ef976bee;Republic
0ccfe4219c6959773696e462ef976bee; Indie-Pop
0ccfe4219c6959773696e462ef976bee; Carrillo Music
0ccfe4219c6959773696e462ef976bee; Spinnin' Records
5ae5c69e82c044e6d4b22c1376d11bb8;Strange Music
cf58b6491431d193080987c72f0f10d9;Capitol
cf58b6491431d193080987c72f0f10d9;EMI Records
cf58b6491431d193080987c72f0f10d9;Flavor Unit Records
058d7cd2aa5f50919f3955d43882916f;Chopper City
058d7cd2aa5f50919f3955d43882916f;Koch
058d7cd2aa5f50919f3955d43882916f; (2002-2007)
058d7cd2aa5f50919f3955d43882916f;Chopper City
058d7cd2aa5f50919f3955d43882916f;Asylum
058d7cd2aa5f50919f3955d43882916f;(2008-)
ebdb78eb8b3eaf800f76290dfae622fe;Interscope Records
ebdb78eb8b3eaf800f76290dfae622fe; Trackmasters Entertainment
e2966883ca4e3fae927e2f55a1127879;Sick Wid It
e2966883ca4e3fae927e2f55a1127879;Jive
f422697726b987b606010e048663e07d;Deathbomb Arc
f422697726b987b606010e048663e07d;Sub Pop
f4ea6612569f6e6e1bc758d47998cf27;Star Trak
f4ea6612569f6e6e1bc758d47998cf27;Arista
43899a4de3e9e331e9fbea39c3f17541;Mush Records
43899a4de3e9e331e9fbea39c3f17541;Big Dada
56930ef3d54e757f0f801133e0640305;Universal Records
4ab933060373b7562bbffa332c658940;Duck Down
2e994ac557c154de8cedc840f7ff3855;Deceptive Records
b3e9eea28de1b02aa917ba4f0b635a8d;Phatinum
c787074a52d6a2e7ec082f4ae04425a1;Rawkus
8e8db62283adeac3f967a88f26f88204;Kru Cut/ City Fresh Records
8e8db62283adeac3f967a88f26f88204; Techno Hop Records
8e8db62283adeac3f967a88f26f88204;Orpheus Records
8e8db62283adeac3f967a88f26f88204;EMI Records
8e8db62283adeac3f967a88f26f88204;Epic Records
8e8db62283adeac3f967a88f26f88204;Warner Bros
8e8db62283adeac3f967a88f26f88204; Half Ounce Records Inc.
8e8db62283adeac3f967a88f26f88204; B Dub Records
8e8db62283adeac3f967a88f26f88204; Startin' Frum Skratch Records.
3613a2da69de0c8238af587dbe602fe4;Scarface Records/
3613a2da69de0c8238af587dbe602fe4;Priority
3613a2da69de0c8238af587dbe602fe4; Guerilla Funk Records/
3613a2da69de0c8238af587dbe602fe4;EMI
3613a2da69de0c8238af587dbe602fe4; Llerrad Music Group
d6756c59f9d09a1a5573e2b5e16bba5b;Universal Latino
2d9b8470721c4e6c43964e2488582d2d;Epidemic
2d9b8470721c4e6c43964e2488582d2d;Cash Money
ca9349b94949ed9a5463b09a625dd096;Green Label Sound
ca9349b94949ed9a5463b09a625dd096;C.A.K.E.
ca9349b94949ed9a5463b09a625dd096;XL
ca9349b94949ed9a5463b09a625dd096;Fool's Gold
194676f40a91f4e71c585c321ae2ff3a;Wild Pitch
194676f40a91f4e71c585c321ae2ff3a;EMI
194676f40a91f4e71c585c321ae2ff3a; Dogday
194676f40a91f4e71c585c321ae2ff3a; 75 Ark
194676f40a91f4e71c585c321ae2ff3a;Tommy Boy
194676f40a91f4e71c585c321ae2ff3a;Warner Bros.
194676f40a91f4e71c585c321ae2ff3a;Epitaph
194676f40a91f4e71c585c321ae2ff3a;ANTI-
be663f18f96244e8603fbcf38712261b;Crunk Incorporated(Executive producer Tommy "OG Crunk Serious Lord" Phillips IV)
be663f18f96244e8603fbcf38712261b;Atlantic
be663f18f96244e8603fbcf38712261b; (current) 
be663f18f96244e8603fbcf38712261b;Warner Bros.
be663f18f96244e8603fbcf38712261b;Reprise
be663f18f96244e8603fbcf38712261b; (former)
37153d51e4d35cd6f12548265594bccc;Seventh Street/
37153d51e4d35cd6f12548265594bccc;Diamante
37153d51e4d35cd6f12548265594bccc;Cross Movement
37153d51e4d35cd6f12548265594bccc;BEC
6db02787b8a585de63588bd5d1ae93ad;Basement Records
6db02787b8a585de63588bd5d1ae93ad;Insiduous Urban Records
1ab7e526902e8b4707bda4ff2d752472;Def Jam
1d33621ff1c5c9788ab303e1afedac5e;Universal
1d33621ff1c5c9788ab303e1afedac5e;Uptown
1d33621ff1c5c9788ab303e1afedac5e; Buckwild
4c68b08849f0b13ae3c9db273e50ab22;Freshchest (2001 2005)
4c68b08849f0b13ae3c9db273e50ab22;LA Underground (2005 2006)
4c68b08849f0b13ae3c9db273e50ab22;APOS Music (2006—present)
4c68b08849f0b13ae3c9db273e50ab22;QN5 Music
4c68b08849f0b13ae3c9db273e50ab22; (2006—present)
ad8b70859fb66eb5106047af429babbe;Custom Made Recordings (
ad8b70859fb66eb5106047af429babbe;2004-present
ad8b70859fb66eb5106047af429babbe;Coalmine
ad8b70859fb66eb5106047af429babbe;2010
ad8b70859fb66eb5106047af429babbe;Babygrande
ad8b70859fb66eb5106047af429babbe;2006-2008
ad8b70859fb66eb5106047af429babbe;Rawkus
ad8b70859fb66eb5106047af429babbe;2007)
085f4f3bc61bd00678059ceff266fc4f;Botanica Del Jibaro
085f4f3bc61bd00678059ceff266fc4f; Hometapes
085f4f3bc61bd00678059ceff266fc4f;City Centre Offices
65afe438f3dfc259bebfa4f271d3e429;Ruffhouse
65afe438f3dfc259bebfa4f271d3e429;Columbia
65afe438f3dfc259bebfa4f271d3e429;Priority
65afe438f3dfc259bebfa4f271d3e429;EMI
e8fd943a0d0a12b0b6a529a242e31184;ZYZ Records
e8fd943a0d0a12b0b6a529a242e31184;Tommy Boy
7d7fd17c03d4be10178cbc5b72e5930b;Shady
7d7fd17c03d4be10178cbc5b72e5930b;Interscope
34d9c9a77a40788bb8750f4ac8568a0f;D4L
34d9c9a77a40788bb8750f4ac8568a0f; Dee Money
34d9c9a77a40788bb8750f4ac8568a0f;Asylum
d082711321f543cb7dda98f55842d2ac;Rowdy Records
9111ce49a63ee2cee0fbe9bec018604b;Bad Boy
4a75b3209a609fc5e74e8922c74b46e0;Rawkus
4a75b3209a609fc5e74e8922c74b46e0; Copter Records
9c130847326a1f31ce22824366c834c7;Reprise
9c130847326a1f31ce22824366c834c7;Warner Bros.
9c130847326a1f31ce22824366c834c7;Warner Bros.
f64961907f72065b0c2963475c94b0c7;Lench Mob
f64961907f72065b0c2963475c94b0c7;Atco
f64961907f72065b0c2963475c94b0c7;Priority
5177fd6eca7a6425bea93f91a07d6a18;Pop Art Records
5177fd6eca7a6425bea93f91a07d6a18;East West America/
5177fd6eca7a6425bea93f91a07d6a18;Atlantic Records
bf066f535d0fccc8308dfaed778bcefa;Dangerous Records
bf066f535d0fccc8308dfaed778bcefa;Pump Records
76150a243897def113295f4975d46656;Epitaph
76150a243897def113295f4975d46656;Lex
e15a5ee92d628f33700c24046eefd894;Psychopathic Records
e15a5ee92d628f33700c24046eefd894; (1998 2017)
613ea21ee0db8ce575d789038acef2be;East West Records
613ea21ee0db8ce575d789038acef2be;Atlantic Records
ad83eb90854a838dc28bacf07cf5ead7;Greedhead Music
ad83eb90854a838dc28bacf07cf5ead7;Megaforce
ad83eb90854a838dc28bacf07cf5ead7;Sony Music Entertainment
85f77e4c778a414f440549b4e7e45335;ForeFront
85f77e4c778a414f440549b4e7e45335;Virgin
ee100038087ea03413aab991a3ed8dca;Tommy Boy
ee100038087ea03413aab991a3ed8dca;Sanctuary
ee100038087ea03413aab991a3ed8dca;Kobalt
ca174f98599f6ae6c13f2c2315139b9a;Bodog
ca174f98599f6ae6c13f2c2315139b9a;Her Royal Majesty's Records
ca174f98599f6ae6c13f2c2315139b9a;6.8.2 Records Inc.
953976092994f10fc8398b6a2abe8a8f;Loud
953976092994f10fc8398b6a2abe8a8f; Relativity
953976092994f10fc8398b6a2abe8a8f; Invasion
33ec03cdccb85e986dd03c0ccb61fdd3;A&M
33ec03cdccb85e986dd03c0ccb61fdd3;PolyGram Records
33ec03cdccb85e986dd03c0ccb61fdd3;DreamWorks
33ec03cdccb85e986dd03c0ccb61fdd3;Interscope
33ec03cdccb85e986dd03c0ccb61fdd3;Universal Records
33ec03cdccb85e986dd03c0ccb61fdd3;Rocks the World/
33ec03cdccb85e986dd03c0ccb61fdd3;Caroline
33ec03cdccb85e986dd03c0ccb61fdd3;Virgin
33ec03cdccb85e986dd03c0ccb61fdd3;EMI Records
ce7fa51092aacc05a74ff3fba6df806d;Third Worlds
ce7fa51092aacc05a74ff3fba6df806d;Harvest
ce7fa51092aacc05a74ff3fba6df806d;Epic
ce7fa51092aacc05a74ff3fba6df806d;Warp
cfe4464aacdba7445f3c6d655f7c720a;Dawn Raid Entertainment
98fdba605fa30be506d1ea3942c04150;Anticon
2ee99fc900afa5f3ee7c337e3436805f;DeepSpace5
2ee99fc900afa5f3ee7c337e3436805f;Uprok
2ee99fc900afa5f3ee7c337e3436805f;Gotee
2ee99fc900afa5f3ee7c337e3436805f; ILLECT
2ee99fc900afa5f3ee7c337e3436805f; Mega Royal
35fb735f4656de4b8b43f83c588ed324;Def Jam
35fb735f4656de4b8b43f83c588ed324;DreamWorks
35fb735f4656de4b8b43f83c588ed324;Universal Motown Records Group
e212f8b10dc7b394fc030f108bd923eb;Dank Or Die
e212f8b10dc7b394fc030f108bd923eb;Thizz Entertainment
53b1455b578e3e62b19900b1cb229a7e;75 Ark Records
827d663dd2f408b40c69aa50a9dc13bb;Universal
827d663dd2f408b40c69aa50a9dc13bb;So So Def
827d663dd2f408b40c69aa50a9dc13bb;Virgin
827d663dd2f408b40c69aa50a9dc13bb;Capitol
827d663dd2f408b40c69aa50a9dc13bb;E1
df1b6ac75c40647291a805199a8e4543;Demigodz
47282196c8f4cb2e8d018935c9eab0f8;Big Beat
47282196c8f4cb2e8d018935c9eab0f8;Atlantic
47282196c8f4cb2e8d018935c9eab0f8;Penalty
a005761a44bec523e23a2fe1fb5f7352;Bad Boy
a005761a44bec523e23a2fe1fb5f7352;Interscope
d3212dbeec41d53d73a4cbff184d5bbb;Cherrytree
d3212dbeec41d53d73a4cbff184d5bbb;Interscope
d3212dbeec41d53d73a4cbff184d5bbb;Zef
d3212dbeec41d53d73a4cbff184d5bbb;Kobalt
66fb230c1b8aefe15248dd315a9263b1;Four Music
66fb230c1b8aefe15248dd315a9263b1;Sony BMG
f93a453f5346871d0866b2b8b37c3090;Pendulum
f93a453f5346871d0866b2b8b37c3090;Blue Note
f93a453f5346871d0866b2b8b37c3090;EMI
b96d18f745b656f7b4377ca45a1117b5;TNT Records/
b96d18f745b656f7b4377ca45a1117b5;Tommy Boy
b96d18f745b656f7b4377ca45a1117b5;Warner Bros.
b96d18f745b656f7b4377ca45a1117b5; Critique/BMG Records
b96d18f745b656f7b4377ca45a1117b5;Jake
b96d18f745b656f7b4377ca45a1117b5;Interscope
b96d18f745b656f7b4377ca45a1117b5;Universal Records
6fc54831240741ab067de20823a73d93;ZYZ Records
6fc54831240741ab067de20823a73d93;Tommy Boy
7791a36a8e90dbbbb2e347f7f2fd0c2b;Capitol
7791a36a8e90dbbbb2e347f7f2fd0c2b;EMI
7791a36a8e90dbbbb2e347f7f2fd0c2b;Expansion Team
7791a36a8e90dbbbb2e347f7f2fd0c2b; ABB
7791a36a8e90dbbbb2e347f7f2fd0c2b;Decon
7791a36a8e90dbbbb2e347f7f2fd0c2b;Rhymesayers
8f128290bacedb1ec417fadc146af57c;Diplomat
e426f4ef8f15460762e02ea777e010b9;Epic Street
ffcfcaf78be99db18fe954b558f5fd99;Fmjam
d4d793a96ad3977429714d017826a48b;4th & B'way
d4d793a96ad3977429714d017826a48b;Island
500c9b57b7ce3c430d00ff97febe5c6c;Word-Up
500c9b57b7ce3c430d00ff97febe5c6c;Jive
531885c66ba371d30d7e20a0614b40d2;Rap-A-Lot Records
fc9ca0cc83778b585e5a4d9c9080a88a;Death Row Records
fc9ca0cc83778b585e5a4d9c9080a88a;Interscope
78109765d0edf41fd93d690b36752f24;TVT
b70d6d92357a48ff2d7eb0818ef676eb;Groggy Pack Entertainment
b70d6d92357a48ff2d7eb0818ef676eb; LLC.
d9710b3fbd45681b6853fcd0e033e9db;Tommy Boy
d9710b3fbd45681b6853fcd0e033e9db;Warner Bros. Records
d9710b3fbd45681b6853fcd0e033e9db;(1983-1988)
d9710b3fbd45681b6853fcd0e033e9db;4th & B'way
d9710b3fbd45681b6853fcd0e033e9db;Island
d9710b3fbd45681b6853fcd0e033e9db;PolyGram Records
d9710b3fbd45681b6853fcd0e033e9db;(1988)
22bbfbb311198424ba0c501bd8c833a2;G-Funk
22bbfbb311198424ba0c501bd8c833a2;Def Jam
08291c57d1f3eab2481897dc36042619;Def Jam Recordings
2771deccc4180d7498818528732a52f7;Victor Entertainment/Mob Squad
38bf08306dd373d9fd9b9e992c4873c2;Makebelieve Records
38bf08306dd373d9fd9b9e992c4873c2;P-Vine
38bf08306dd373d9fd9b9e992c4873c2; (Japan)
38bf08306dd373d9fd9b9e992c4873c2;Traveller Records
38bf08306dd373d9fd9b9e992c4873c2;Bigfoot Records
220966c00125f9fc66dd972d1780875d;4th & Broadway
220966c00125f9fc66dd972d1780875d;Island
220966c00125f9fc66dd972d1780875d;PolyGram
220966c00125f9fc66dd972d1780875d;EMI
e51b3ca253962ed849675f95cce54c77;Jungle Entertainment
e51b3ca253962ed849675f95cce54c77; (2006-2013)
8dfc76e9001c21562241af0d023ad4fa;Koch
8dfc76e9001c21562241af0d023ad4fa; (2006 )
8dfc76e9001c21562241af0d023ad4fa;Doggystyle Records
8dfc76e9001c21562241af0d023ad4fa; (2006 )
8dfc76e9001c21562241af0d023ad4fa;Asylum
8dfc76e9001c21562241af0d023ad4fa;Atlantic
8dfc76e9001c21562241af0d023ad4fa; (2006 )
0af452497c7325d0ce7fbe483c9faa76;Tox Records
5d1506d2f89ca74b5087bce2f119c908;Amoeba Culture
d46c90026183f1ee48cee4c1e7fb5e33;Gravel Records
102b6dce7e864fb520f826df3c06373b;Doggystyle Records
102b6dce7e864fb520f826df3c06373b;TVT Records
6d0924e94e015a0a06b76d95bf862517;Suave House
6d0924e94e015a0a06b76d95bf862517;Grand Hustle
6d0924e94e015a0a06b76d95bf862517;E1 Music
6d0924e94e015a0a06b76d95bf862517;Bad Boy South
6d0924e94e015a0a06b76d95bf862517;Real Talk
ba23b5089b6e6fa9a13f06c17aa16897;IDJ.Videos
b36ee747402393310707a351d7660a72;Sleeping Bag Records
b36ee747402393310707a351d7660a72;Def Jam
6bf82895ca09a058cac7ea4e766a81de;4th & B'way
6bf82895ca09a058cac7ea4e766a81de;Uni
6bf82895ca09a058cac7ea4e766a81de;MCA
730b608daee9c02f21dd1c90a759175f;Rhymesayers
730b608daee9c02f21dd1c90a759175f;Epitaph
730b608daee9c02f21dd1c90a759175f; Crushkill Recordings
de6d29192814e15e0523276538925883;Duck Down Records
0478c173a2bea3fb8f94cfa750c9559d;Rap-a-Lot
38187499384aaabb83fdb427ff2cf621;Cat Music
38187499384aaabb83fdb427ff2cf621; Scandalos Music
3be7b966983a982c608ccc2e5526aa25;Tommy Boy Entertainment
8fe2c846acb9fa731dfbaa836533d526;Cherrytree
8fe2c846acb9fa731dfbaa836533d526;Interscope
8fe2c846acb9fa731dfbaa836533d526;Delicious Deli
8fe2c846acb9fa731dfbaa836533d526;Spinnin'
8fe2c846acb9fa731dfbaa836533d526;Transparent Agency
8fe2c846acb9fa731dfbaa836533d526;E1
26b110b1d0b883eb4047df7591c73f34;Peanuts & Corn
333bcf4a928a1608fd63124d8f866e4c;AKrite Records
a7c3a2eb12da2ca619785e4745f1ba46;Def Jam Recordings
cdce05a2033885f0e149a4ba21dd787f;Sutra Records
cdce05a2033885f0e149a4ba21dd787f;Tin Pan Apple
cdce05a2033885f0e149a4ba21dd787f;Polydor
cdce05a2033885f0e149a4ba21dd787f;PolyGram Records
cdce05a2033885f0e149a4ba21dd787f;Uncle Louie Music Group
3179e504d5a2e31445c6ff09888419f8;Enjoy!
3179e504d5a2e31445c6ff09888419f8;Elektra
3179e504d5a2e31445c6ff09888419f8;Tuff City
3179e504d5a2e31445c6ff09888419f8;Mercury
ca140c4f1f4b22ad889df5a57a52aedf;Sunset Records
54ef9710c71f7094e5c4faadaa26cdd1;Virgin
54ef9710c71f7094e5c4faadaa26cdd1;Reprise
2c680e69837ab3873644dae1bcc02dc7;Fettes Brot Schallplatten
3dd93a490d29fb7a17f2c840f4dc82a0;Southern House (1999 2000)
3dd93a490d29fb7a17f2c840f4dc82a0;MCA
3dd93a490d29fb7a17f2c840f4dc82a0; (2000 2003)
3dd93a490d29fb7a17f2c840f4dc82a0;Geffen
3dd93a490d29fb7a17f2c840f4dc82a0; (2003 2008)
3dd93a490d29fb7a17f2c840f4dc82a0;DTP
3dd93a490d29fb7a17f2c840f4dc82a0; (2005 2008)
3dd93a490d29fb7a17f2c840f4dc82a0;Nappy Boy
3dd93a490d29fb7a17f2c840f4dc82a0; (2011 Present)
3dd93a490d29fb7a17f2c840f4dc82a0;Kon Live
3dd93a490d29fb7a17f2c840f4dc82a0; (2009-present)
3dd93a490d29fb7a17f2c840f4dc82a0;Interscope
3dd93a490d29fb7a17f2c840f4dc82a0; (2010-present)
3dd93a490d29fb7a17f2c840f4dc82a0;Def Jam Recordings
3dd93a490d29fb7a17f2c840f4dc82a0; (2009)
999f6ba2a9cbe5d16ad64f6eca3f0e45;Macola
bca47cb5a2645762df07eaf650eeabe0;Grand Central Records
bca47cb5a2645762df07eaf650eeabe0;Ninja Tune
bca47cb5a2645762df07eaf650eeabe0;US
700863898b5a14e36e4f9cae13008c2e;Sony Music
67704dfd78d20d889b3ab650840be9d4;Aftermath
67704dfd78d20d889b3ab650840be9d4;Interscope
d7a3cbf3b6672166b338f2357ca04a25;Pampa Records
d71e722dd164832c3e5417824c77023c;The Glorious Dead Records
33df31991e0752c866a80ea44de7406f;Flipmode Records
33df31991e0752c866a80ea44de7406f;Elektra
33df31991e0752c866a80ea44de7406f;J Records
33df31991e0752c866a80ea44de7406f;Conglomerate Records
5f2bc231005995c58eb12728a9cfb414;Universal Republic
5f2bc231005995c58eb12728a9cfb414;Island Def Jam
5ed9e1009193dd9b3fa4d230353cbb26;Polydor
5ed9e1009193dd9b3fa4d230353cbb26;Geffen
5ed9e1009193dd9b3fa4d230353cbb26;DreamWorks
ad12e082dfd9438136a20d144c2b5225;Perfection
ad12e082dfd9438136a20d144c2b5225;Tommy Boy
ad12e082dfd9438136a20d144c2b5225;Penalty
ad12e082dfd9438136a20d144c2b5225;Big Beat
728948706c61f0b2b10d7c4e6f60fddd;Tommy Boy
728948706c61f0b2b10d7c4e6f60fddd;Reprise
728948706c61f0b2b10d7c4e6f60fddd;Warner Bros. Records
5354c2f065c0c783febe0e75992e6469;+FE Music
b3a943edbd3a46c0f4fd6a48b1b45680;McNasty
b3a943edbd3a46c0f4fd6a48b1b45680;MCA
b3a943edbd3a46c0f4fd6a48b1b45680; Loose Zipper
b3a943edbd3a46c0f4fd6a48b1b45680; Needillworks?
b3a943edbd3a46c0f4fd6a48b1b45680; Chisel Sound
b3a943edbd3a46c0f4fd6a48b1b45680; Dopeness Galore
d3877753fbf1aacb286c58347ec546f9;Project Blowed
d3877753fbf1aacb286c58347ec546f9;Decon
d3877753fbf1aacb286c58347ec546f9;4th & B'way
d3877753fbf1aacb286c58347ec546f9;Island
d3877753fbf1aacb286c58347ec546f9; Sun Music
d3877753fbf1aacb286c58347ec546f9; Beats & Rhymes
d3877753fbf1aacb286c58347ec546f9; Ground Control
d3877753fbf1aacb286c58347ec546f9; Whig Music
ad37fb5d501bc57fdd2d46240720bd2e;Four Music
fb1cd9d4209ac26ed374093a5986f27b;Jive
fb1cd9d4209ac26ed374093a5986f27b;BMG Records
d9eb1f397af60ee3536c48479b31cd4d;Ruffhouse
d9eb1f397af60ee3536c48479b31cd4d;Columbia Records
84105d14b914bdd3ecfb456c904ee44e;Columbia
84105d14b914bdd3ecfb456c904ee44e;Capitol
84105d14b914bdd3ecfb456c904ee44e;Calibre
84105d14b914bdd3ecfb456c904ee44e;TVT Records
84105d14b914bdd3ecfb456c904ee44e; Earforce Records
60c8ce1bbf2332128eb3151f6fb5a569;Enjoy Records
60c8ce1bbf2332128eb3151f6fb5a569;Sugar Hill Records
73d6c00093c1a8f1a17a2b4df522e202;Enjoy!
73d6c00093c1a8f1a17a2b4df522e202;Sugar Hill
73d6c00093c1a8f1a17a2b4df522e202;Elektra
0f7c9dbdfd6bb117f0c0b435b3e08614;G-Unit
0f7c9dbdfd6bb117f0c0b435b3e08614;Interscope
0f4879b2e4bb9aa4cc8918fdedabcccf;No Limit
0f4879b2e4bb9aa4cc8918fdedabcccf;Priority
eac39b28fbec80d537382ff93d30d510;Wild Pitch Records
eac39b28fbec80d537382ff93d30d510;Chrysalis Records
eac39b28fbec80d537382ff93d30d510;Virgin
1529a43329523917c02951ac12ad53c0;Decon
1529a43329523917c02951ac12ad53c0;Mass Appeal
5464426fe7ca5e1f45078d525691a479;Rench Audio
e48284fd766a057c663825a50c35936d;Tokyo Sex Whale Records
0d66c3ddcd0836dc76ec4603312c49b7;Rap-a-Lot
0d66c3ddcd0836dc76ec4603312c49b7;Asylum
0d66c3ddcd0836dc76ec4603312c49b7;Elektra
0d66c3ddcd0836dc76ec4603312c49b7; Rap-a-Lot/Noo Trybe/
0d66c3ddcd0836dc76ec4603312c49b7;Virgin
0d66c3ddcd0836dc76ec4603312c49b7;EMI
0d66c3ddcd0836dc76ec4603312c49b7;Def American
0d66c3ddcd0836dc76ec4603312c49b7;Warner
42ffd0ca8833a640e6915fb2196f0954;No Limit Records
42ffd0ca8833a640e6915fb2196f0954;Priority Records
42ffd0ca8833a640e6915fb2196f0954; Flame Entertainment/ House of Noise
d32380e79e3f00bef4c7f646a2ca68c2;Groove-a-Lot Records
d32380e79e3f00bef4c7f646a2ca68c2; 7Bills Entertainment
d32380e79e3f00bef4c7f646a2ca68c2; G7 Records
c18df3691be8fa855db79211ebca43df;Ichiban
c18df3691be8fa855db79211ebca43df; Fully Loaded
cf60212753ddb36b4853eae0a3f2f499;Rap-a-Lot
cf60212753ddb36b4853eae0a3f2f499;Noo Trybe
cf60212753ddb36b4853eae0a3f2f499;Virgin
cf60212753ddb36b4853eae0a3f2f499; Big Boy
24ff968afb9fe760c761a01c2d308361;So So Def
24ff968afb9fe760c761a01c2d308361;Columbia
3d412a4f543ff3302773eefb9a17a364;Tres Records
6535c3f897f061c477645b938ad7ef64;Jive
6535c3f897f061c477645b938ad7ef64;Island Urban Music
6535c3f897f061c477645b938ad7ef64;Def Jam
da6025bb0ba3b785cdd644beff6aa4e8;Ruffhouse
da6025bb0ba3b785cdd644beff6aa4e8;Columbia
7cfb51d60be902e87347f3c6f21fb77d;Psycho+Logical-Records
7cfb51d60be902e87347f3c6f21fb77d;RBC Records
fdb78ff8b89deb0572202a36327bd283;Atlantic Records
fdb78ff8b89deb0572202a36327bd283;Gold Dust Records
5e27654399bedf6d5b3cd771cfbccd5c;LaFace
5e27654399bedf6d5b3cd771cfbccd5c;Arista
5e27654399bedf6d5b3cd771cfbccd5c;BMG Records
5e27654399bedf6d5b3cd771cfbccd5c;Koch Records
5e27654399bedf6d5b3cd771cfbccd5c;Elektra Records
dbeb99757a2fdd148f97e292b55cb11e;Click Boom Ent.
dbeb99757a2fdd148f97e292b55cb11e;WonderBoy Entertainment
dbeb99757a2fdd148f97e292b55cb11e;Time Entertainment
372b8ff925303f0d25f157b7c58a2f3c;Parlophone
372b8ff925303f0d25f157b7c58a2f3c;Virgin
372b8ff925303f0d25f157b7c58a2f3c;Warner Bros.
c82cebd075350d0246b30ac06fcea184;Payday/FFRR/
c82cebd075350d0246b30ac06fcea184;PolyGram
c82cebd075350d0246b30ac06fcea184;Replay Records
58db2084af710595302f540c867f990d;The Shadow Cabinet Music Group
58db2084af710595302f540c867f990d;Ferryhouse Records
58db2084af710595302f540c867f990d;de
58db2084af710595302f540c867f990d; (GER)
b206f40e022ba9fef926e716753614c3;Self Produced
b206f40e022ba9fef926e716753614c3;Fighting Records
fee81c2f418ffc19a74d6c3b7ca18567;Enjoy!
fee81c2f418ffc19a74d6c3b7ca18567;Sugar Hill
fee81c2f418ffc19a74d6c3b7ca18567;Elektra
5929b546653a4893513fbabfb13839d0;Dirty Thug Recordz
5929b546653a4893513fbabfb13839d0; 42 Records
5929b546653a4893513fbabfb13839d0;Strange Music
83dbf4138cad4fed91eeb62e6de1d5f1;Gee Street
83dbf4138cad4fed91eeb62e6de1d5f1;Island
83dbf4138cad4fed91eeb62e6de1d5f1;PolyGram
83dbf4138cad4fed91eeb62e6de1d5f1;Gee Street/V2/BMG
83dbf4138cad4fed91eeb62e6de1d5f1;Empire Musicwerks
83dbf4138cad4fed91eeb62e6de1d5f1;/BMG
7d9d60bf73da7acd5a377dc53f515ea5;Revolution Art
7d9d60bf73da7acd5a377dc53f515ea5;Gotee
7d9d60bf73da7acd5a377dc53f515ea5; 5e
7d9d60bf73da7acd5a377dc53f515ea5;EMI
bd668be2cce379d677ae7c7746f8a0fb;Battery
bd668be2cce379d677ae7c7746f8a0fb;Jive
bd668be2cce379d677ae7c7746f8a0fb; Swagg Team
063d9e38cd40fcf89146b825c7ba1468;Decaydance
063d9e38cd40fcf89146b825c7ba1468;Fueled by Ramen
063d9e38cd40fcf89146b825c7ba1468;Atlantic
063d9e38cd40fcf89146b825c7ba1468;BatSquad
1a8500b1fbf0fc3d32ce507af710f3a3;Tommy Boy
1a8500b1fbf0fc3d32ce507af710f3a3;Elektra
fb28651664e8e100412b898d6589060d;HBK Gang
81d15791f49c7a90619230227107a8ad;Espionage Records
81d15791f49c7a90619230227107a8ad;Rhythm Zone
81d15791f49c7a90619230227107a8ad;Avex Trax
ce4ef42505ed9e643bc96de5d66dd3a4;Uptown
ce4ef42505ed9e643bc96de5d66dd3a4;MCA
89417f108e6a1d78a5c7ea6d7ad2c006;Razor & Tie
89417f108e6a1d78a5c7ea6d7ad2c006;Interlock
f45d4a427264b4575ece051a9481e27d;Duck Down Records
d25deb7e3e33a8f494f686090cb1b6b2;Elefant Traks
c9d4507cd166eb592dc6a2be0cebd290;Hieroglyphics Imperium
06aed84ceb7b8bc0785ce45bbcefbe39;Rawkus Records
06aed84ceb7b8bc0785ce45bbcefbe39;Eastern Conference Records
1509d0691acf14893f73d9a6a9c2ada3;Obese Records
1509d0691acf14893f73d9a6a9c2ada3;Golden Era Records
502574526f396d28a1184bcf948aac28;Young
502574526f396d28a1184bcf948aac28; Gifted & Broke
12372e1ed5eada87bbd72d33ccbd4c5b;Hostyle Gospel Ministries
c49c61cb20d42a3efd41f828693af21e;Cash Money Records
c49c61cb20d42a3efd41f828693af21e;Universal Records
d7ad2c8a1a53bcb6351e821c2bb165b5;Swagg Team
d7ad2c8a1a53bcb6351e821c2bb165b5;Block
d7ad2c8a1a53bcb6351e821c2bb165b5;RCA
d7ad2c8a1a53bcb6351e821c2bb165b5; (current) 
d7ad2c8a1a53bcb6351e821c2bb165b5;Jive
d7ad2c8a1a53bcb6351e821c2bb165b5; (former)
31b05f37935ab4f19eaae8b943f2442d;Latnem Entertainment 1993 1997
31b05f37935ab4f19eaae8b943f2442d; 1999
801e8a2ad8364353e9783dd4e4d90e2d;Tommy Boy
9409764ad9cd317a19fdcfeaf8edeca6;Think Differently Music
9409764ad9cd317a19fdcfeaf8edeca6;Proverbs Music Inc.
5bca9e878a196bf79cf06cd71942feae;Mo Thugs
5bca9e878a196bf79cf06cd71942feae;Relativity
93f3cb8fb1971d7a666e82b5f1e68303;Mercury
93f3cb8fb1971d7a666e82b5f1e68303; (1994 1997)
93f3cb8fb1971d7a666e82b5f1e68303;IAS Entertainment (2012 present)
f0507f444143ee8f4b00b3d110ff7ecc;Rowdy
f0507f444143ee8f4b00b3d110ff7ecc;Arista
f0507f444143ee8f4b00b3d110ff7ecc;BMG Records
8a94acde89e6993e21be1532e6ca9e69;Bishara
8a94acde89e6993e21be1532e6ca9e69; Infuse
8a94acde89e6993e21be1532e6ca9e69;Uprok
ee7b68c73d9b062b1df34fe4ad41a23f;IX Million Entertainment
7b3060214e433d388fae73da66a3bd5c;Virgin
7b3060214e433d388fae73da66a3bd5c;MCA
7b3060214e433d388fae73da66a3bd5c;TUG
7b3060214e433d388fae73da66a3bd5c;New Line
6bf21d17448820814394d484b0d1ab05;IM3
bcf1939cba383602a19587dccf7ac017;Elektra
1601e4b9932940dbe93ee149fe9a19be;Psychopathic Records
1601e4b9932940dbe93ee149fe9a19be;: 1991 present
1601e4b9932940dbe93ee149fe9a19be;Jive Records
1601e4b9932940dbe93ee149fe9a19be;: 1994 1995
1601e4b9932940dbe93ee149fe9a19be;Hollywood Records
1601e4b9932940dbe93ee149fe9a19be;: 1996 1998
1601e4b9932940dbe93ee149fe9a19be;Island Records
1601e4b9932940dbe93ee149fe9a19be;: 1998 2002
f953dcfe7142fe3ddf3ca3a47071fe0c;Nastymix/
f953dcfe7142fe3ddf3ca3a47071fe0c;Ichiban Records
f953dcfe7142fe3ddf3ca3a47071fe0c; (1988 1992)
f953dcfe7142fe3ddf3ca3a47071fe0c;Nitebreed/React Records
f953dcfe7142fe3ddf3ca3a47071fe0c;Grim Reality Entertainment
f953dcfe7142fe3ddf3ca3a47071fe0c;Long Range Distribution/Koch Records
f953dcfe7142fe3ddf3ca3a47071fe0c;Never So Deep Records
f953dcfe7142fe3ddf3ca3a47071fe0c;Lyrical Snuff Productions
c0ab159d08d1658116418df5a5ef963f;Tha Boomdocz Productions
c0ab159d08d1658116418df5a5ef963f; LLC
0c6c3e402bfca102d876d49a6115ad67;Asphodel
0c6c3e402bfca102d876d49a6115ad67; Hip Hop Slam
f281ba46a5f3611b02f298f2eb67a714;Ruthless Records
b952a053bfce1e06e50cd8c61c9e2dd2;Justice League Music
b6653d7c904aa1ffe2ba64e1f301c797;Enemy Soil
b6653d7c904aa1ffe2ba64e1f301c797;Babygrande Records
ab8399f47c2a5a057020eeb6c9f3a325;Jet Life Recordings
ab8399f47c2a5a057020eeb6c9f3a325;Warner
6576e85fda277063dc77a44a65c818dc;Cold Chillin'
eb5b6bb101ab78f678f3da7eddaaf6e5;legends
f7ee722549717b61fb76bc78408908cf;Idlers/
f7ee722549717b61fb76bc78408908cf;Warlock Records
f7ee722549717b61fb76bc78408908cf;Warner Bros. Records
f7ee722549717b61fb76bc78408908cf;Gee Street
f7ee722549717b61fb76bc78408908cf;V2
f7ee722549717b61fb76bc78408908cf;BMG Records
f7ee722549717b61fb76bc78408908cf;Jungle Brothers
f7ee722549717b61fb76bc78408908cf;XYZ Records
c259c9c570dc44a61ae9b6412ba8c71c;Undeas / 
c259c9c570dc44a61ae9b6412ba8c71c;Atlantic Records
c259c9c570dc44a61ae9b6412ba8c71c; - Mega Media Records
05f4ef5060c10ec4b5448c9e10105d88;TVT
05f4ef5060c10ec4b5448c9e10105d88;Interscope
05f4ef5060c10ec4b5448c9e10105d88;JVC
de954595bc63ee4a19b144471550537b;Telegram Records Stockholm
e9058f83128e89033735dad02d42b66e;S.P. Records
7b8e67cae05a1ae84ff04ffa2d3b3801;No Limit
7b8e67cae05a1ae84ff04ffa2d3b3801;Priority
7b8e67cae05a1ae84ff04ffa2d3b3801;Elektra
7b8e67cae05a1ae84ff04ffa2d3b3801;Geffen
7b8e67cae05a1ae84ff04ffa2d3b3801;MCA
7b8e67cae05a1ae84ff04ffa2d3b3801; Entertainment Solutions
7b8e67cae05a1ae84ff04ffa2d3b3801;E1
03c0c28df80016ea7fb242b3df62a323;Lench Mob
4155bc4c3e21f1ef3069623d26a043b6;Select Records
5dec53d6f596d71bc145455ec001fe60;Rawkus Records
5dec53d6f596d71bc145455ec001fe60; (2006-2007)
5dec53d6f596d71bc145455ec001fe60;Duck Down Records
5dec53d6f596d71bc145455ec001fe60; (2007-present)
5b2966e48ee3c5369e5e63f985e85fda;Wu-Tang
5b2966e48ee3c5369e5e63f985e85fda;Priority
5b2966e48ee3c5369e5e63f985e85fda;EMI
5b2966e48ee3c5369e5e63f985e85fda;Loud
5b2966e48ee3c5369e5e63f985e85fda;Relativity Records
8e95fc4049fc87233ae977a24295ea03;KLF
8e95fc4049fc87233ae977a24295ea03;Arista
ded4280b291e6a534c8b3704619373c4;Elektra Records
ded4280b291e6a534c8b3704619373c4;Fondle 'Em Records
ded4280b291e6a534c8b3704619373c4;Sub Verse Music
3a1f869adf5d061c7488b065c4e43cb4;Rebel House LLC
3a1f869adf5d061c7488b065c4e43cb4; The Blank Factory
3a1f869adf5d061c7488b065c4e43cb4;Cherrytree
3a1f869adf5d061c7488b065c4e43cb4;Goliath
3a1f869adf5d061c7488b065c4e43cb4;Interscope
b1b542be5b2d5b1ff2d0dc1876bb40ab;Suburban Noize Records
b1b542be5b2d5b1ff2d0dc1876bb40ab; (1996 2013)
b1b542be5b2d5b1ff2d0dc1876bb40ab;Independent (2013 2014)
b1b542be5b2d5b1ff2d0dc1876bb40ab;United Family Music (2014 present)
16ebd5189dda9496824efbadcb0614d4;Ruffhouse
16ebd5189dda9496824efbadcb0614d4;Columbia
16ebd5189dda9496824efbadcb0614d4;Judgement
826578265171755aa957076acfbf0624;Hot Productions
826578265171755aa957076acfbf0624;Atlantic Records
19bd664ebd1ff8ab5fc89804b86cf91d;Bad Boy
19bd664ebd1ff8ab5fc89804b86cf91d; (1995 1999)
19bd664ebd1ff8ab5fc89804b86cf91d;Ruff Ryders
19bd664ebd1ff8ab5fc89804b86cf91d; (1999 2010)
19bd664ebd1ff8ab5fc89804b86cf91d;D-Block (2003 present)
19bd664ebd1ff8ab5fc89804b86cf91d;Roc Nation
19bd664ebd1ff8ab5fc89804b86cf91d; (2016 present)
cd66b3d92124e0843df63432de842bab;Eartube Empire
cd66b3d92124e0843df63432de842bab;Squint
cd66b3d92124e0843df63432de842bab; Basement
cd66b3d92124e0843df63432de842bab;Gotee
cd66b3d92124e0843df63432de842bab; Syntax
c2bea993af89cb57e469f2d4f595337b;Solesides
5e7a1b8bc9a69e68564d8dd9a74d8e93;Death Row Records
5e7a1b8bc9a69e68564d8dd9a74d8e93;Doggystyle Records
5e7a1b8bc9a69e68564d8dd9a74d8e93;Hoo Bangin' Records
33e0bcc1405d5e612bef384e09770ddd;Elektra Records
33e0bcc1405d5e612bef384e09770ddd; (1990-1994)
9366c67e1a3b54155fe43e4ee836286d;Quannum Projects
9366c67e1a3b54155fe43e4ee836286d;Misfit Records
80e9400d20b9a0b9fd712bdbf990cdb2;Quality
80e9400d20b9a0b9fd712bdbf990cdb2;Mercury
80e9400d20b9a0b9fd712bdbf990cdb2;Thump
3071372fa17d080d175ec6ce7fb6b948;No Limit
3071372fa17d080d175ec6ce7fb6b948;Priority
6d93d2b174e05f6f5edb4b651169a8e0;ABB
6d93d2b174e05f6f5edb4b651169a8e0;Atlantic
2c509e43d82e1a386c8de38785e77823;Tommy Boy
2c509e43d82e1a386c8de38785e77823; Grand Imperial
82de2380e616ef53a8bc2876ffef778c;Legendary Music
3df7dce900d547b9a6b4fded05f78b5b;David Vs Goliath
3df7dce900d547b9a6b4fded05f78b5b;Burning Heart Records
3df7dce900d547b9a6b4fded05f78b5b;Bad Taste Records
ab4f3edd0d2592303ff918a241a51b90;Stones Throw Records
236d901ef2bbae06311840d58e07c92c;Columbia Records
d40ee57809eb9fc397919f7513431044;Pendulum Records
d40ee57809eb9fc397919f7513431044; Jersey Kidz Records
78d06eb3412c970e63fc935ebec724b7;Uptown
78d06eb3412c970e63fc935ebec724b7;Universal
78d06eb3412c970e63fc935ebec724b7; Contango
9f0b6354cb536de3e8751af8531cbd7d;Seventh Cathedral Recordings
9f0b6354cb536de3e8751af8531cbd7d;LCOB Productions
26001d9b0a004044573fd4af06e89e1f;Priority
26001d9b0a004044573fd4af06e89e1f; Rhyme Syndicate Records
6627ec9ce44dfc42709c77b6c9000137;Bad Boy
6627ec9ce44dfc42709c77b6c9000137; (1995 1999)
6627ec9ce44dfc42709c77b6c9000137;Ruff Ryders
6627ec9ce44dfc42709c77b6c9000137; (1999 2010)
6627ec9ce44dfc42709c77b6c9000137;D-Block (2003 present)
6627ec9ce44dfc42709c77b6c9000137;Roc Nation
6627ec9ce44dfc42709c77b6c9000137; (2016 present)
80f3d0c4a339e54682eed93832157472;Noo Trybe
80f3d0c4a339e54682eed93832157472;Virgin
80f3d0c4a339e54682eed93832157472;EMI Records
534dc6591d1083186431267126e7bd66;First Family
534dc6591d1083186431267126e7bd66;Nature Sounds
e2abba8fec83e5940bcfbd96245ba0ed;Strange Music
a54c7fa05a8b85c8b3b91752cf2e131a;Restless
fc8cae3fe2f78eb75727881f974e5b22;Stones Throw
16772d634646e5c2e4f9287faa6aa398;Wild Pitch
16772d634646e5c2e4f9287faa6aa398;EMI Records
ebf64666c057fd8bab51c91f6f4816b0;RuffNation
ebf64666c057fd8bab51c91f6f4816b0;Warner Bros.
605ed26a99db85fd9ca87397dd80a860;Sleeping Bag Records
605ed26a99db85fd9ca87397dd80a860;Capitol
605ed26a99db85fd9ca87397dd80a860;EMI Records
605ed26a99db85fd9ca87397dd80a860;Virgin
605ed26a99db85fd9ca87397dd80a860;EMI Records
605ed26a99db85fd9ca87397dd80a860; (Europe)
5e3f1ed70adb58c057a4614d16670d5b;Gotee
5e3f1ed70adb58c057a4614d16670d5b;Uprok
5e3f1ed70adb58c057a4614d16670d5b;Deepspace5
3f536ae02fafdf988d5b8ddc910740f6;Delicious Vinyl Records
cc852ccf43de03325bce7862cb4b7b36;Power House Music (2012
cc852ccf43de03325bce7862cb4b7b36;2012
cc852ccf43de03325bce7862cb4b7b36; present) 
ea4776980650b5d45462f8fbad0a6734;Odd Future
ea4776980650b5d45462f8fbad0a6734;Sony
ea4776980650b5d45462f8fbad0a6734;RED
ea4776980650b5d45462f8fbad0a6734; (current)
ea4776980650b5d45462f8fbad0a6734;Fat Possum
ea4776980650b5d45462f8fbad0a6734; (former)
938acd987ae397d152a57b5c01d95c15;Rap-a-Lot
938acd987ae397d152a57b5c01d95c15;Noo Trybe
0a2fb153d32afd7a84a0bee0485abde8;Quality Control
0a2fb153d32afd7a84a0bee0485abde8;YRN the Label
0a2fb153d32afd7a84a0bee0485abde8;300
0a2fb153d32afd7a84a0bee0485abde8;Atlantic
f17bfda3705f7fe40a9eb806f50ebbc7;Harmony Howse Entertainment
f17bfda3705f7fe40a9eb806f50ebbc7;Relativity
f17bfda3705f7fe40a9eb806f50ebbc7;Koch
de1078b5e4f740102860d969b60be5f6;West Coast Mafia
de1078b5e4f740102860d969b60be5f6; Git Paid Entertainment
4b9b99bc1e56c0ea00a72f9558129dd2;Loud
4b9b99bc1e56c0ea00a72f9558129dd2;RCA
4b9b99bc1e56c0ea00a72f9558129dd2;BMG
4b9b99bc1e56c0ea00a72f9558129dd2;Loud
4b9b99bc1e56c0ea00a72f9558129dd2;Columbia
4b9b99bc1e56c0ea00a72f9558129dd2;SME
4b9b99bc1e56c0ea00a72f9558129dd2;Infamous
8f16cd62bc555a65125c127227d3236f;Molemen Records
d2c3bf92ee889d4a720643cc4e60b22d;Brick9000 Records (2001)
d2c3bf92ee889d4a720643cc4e60b22d;Metal Face
d2c3bf92ee889d4a720643cc4e60b22d; (2003)
d2c3bf92ee889d4a720643cc4e60b22d;Day By Day Entertainment
d2c3bf92ee889d4a720643cc4e60b22d; (2003-present)
afdffbbd8a2774fadc7aca4cc1ac3d4e;Blunt Recordings/
afdffbbd8a2774fadc7aca4cc1ac3d4e;TVT Records
afdffbbd8a2774fadc7aca4cc1ac3d4e;Mission Control
afdffbbd8a2774fadc7aca4cc1ac3d4e;Below-Zero Records
afdffbbd8a2774fadc7aca4cc1ac3d4e;Back 2 Da Source Records
2ed39f602554b3f1caef6d5fde5a8bd9;Seven Entertainment
00ae0ae22d8d0b43170d3922f86b3768;LRC 
00ae0ae22d8d0b43170d3922f86b3768;(2000 2007)
00ae0ae22d8d0b43170d3922f86b3768;Polydor
00ae0ae22d8d0b43170d3922f86b3768;(2006 2008)
00ae0ae22d8d0b43170d3922f86b3768;All Around the World
00ae0ae22d8d0b43170d3922f86b3768;(2008 2011)
00ae0ae22d8d0b43170d3922f86b3768;Island
00ae0ae22d8d0b43170d3922f86b3768;(2010 2011)
00ae0ae22d8d0b43170d3922f86b3768;Def Jam
00ae0ae22d8d0b43170d3922f86b3768;(2010 2011)
0e0205805f7badcffb11c996b9449695;Ruthless
0e0205805f7badcffb11c996b9449695;Priority
f4065d164c77b5e117dc096f274b95f3;Atlantic
f4065d164c77b5e117dc096f274b95f3;Nappy Roots Entertainment Group
f4065d164c77b5e117dc096f274b95f3;Fontana Distribution
f4065d164c77b5e117dc096f274b95f3;AVJ Records
6b29d2f379853087e2370d1c82936e00;Reel Life Productions
bdd50756858af7d96bc126904236f356;Dangerous Records
bdd50756858af7d96bc126904236f356;Pump Records
49d846e35be540e0f032a17652b31a03;The Native Deen Group
49d846e35be540e0f032a17652b31a03; LLC
3240ec19495565657df0719ef83672f4;MCA
3240ec19495565657df0719ef83672f4;TVT
3240ec19495565657df0719ef83672f4;Tommy Boy
3240ec19495565657df0719ef83672f4;Warner Bros.
3240ec19495565657df0719ef83672f4;Arista
3240ec19495565657df0719ef83672f4;BMG
8bc378d828203a56a5b60ed4045d32e0;Nastyboy Records
f6bf8b3e1a8fedcef27384776005dd78;Interscope
f6bf8b3e1a8fedcef27384776005dd78;Star Trak
f6bf8b3e1a8fedcef27384776005dd78;Columbia
f6bf8b3e1a8fedcef27384776005dd78;i Am Other
9126ca6819a4795b07f0d70aa8743020;Asylum
9126ca6819a4795b07f0d70aa8743020;Warner Bros.
4881b321c3e2f0977d82830935a5c9ef;Mayhew
4881b321c3e2f0977d82830935a5c9ef;Sunnyview/
4881b321c3e2f0977d82830935a5c9ef;Rhino
9168f0f4a2946dc91b37fbeb924e280a;Arista
9168f0f4a2946dc91b37fbeb924e280a; (1997-2000)
9168f0f4a2946dc91b37fbeb924e280a;J
9168f0f4a2946dc91b37fbeb924e280a; (2001-2002)
9168f0f4a2946dc91b37fbeb924e280a;Interscope
9168f0f4a2946dc91b37fbeb924e280a; (2005-2006)
9168f0f4a2946dc91b37fbeb924e280a;Music World
9168f0f4a2946dc91b37fbeb924e280a;Universal
9168f0f4a2946dc91b37fbeb924e280a; (2006-2007)
8d95163d3fb212d147a8cccfb9e1e36c;Fresh
8d95163d3fb212d147a8cccfb9e1e36c;Sleeping Bag Records
8d95163d3fb212d147a8cccfb9e1e36c; RAL Records
8d95163d3fb212d147a8cccfb9e1e36c;Columbia
8d95163d3fb212d147a8cccfb9e1e36c;SME Records
8d95163d3fb212d147a8cccfb9e1e36c; RAL Records
8d95163d3fb212d147a8cccfb9e1e36c;PolyGram Records
8d95163d3fb212d147a8cccfb9e1e36c; Street Life Records
8d95163d3fb212d147a8cccfb9e1e36c;Scotti Brothers Records
3a856bcbe2cc62f826b275a8bd114e18;Uncle Howie
3a856bcbe2cc62f826b275a8bd114e18;Matador
3a856bcbe2cc62f826b275a8bd114e18;Geffen
89ecdc8c051e19ce95e8cf3830489b13;Lex Records
c9e329b53809bff50bcb32ce72bbaa1e;Wichita Recordings
c9e329b53809bff50bcb32ce72bbaa1e;Ipecac Recordings
c9e329b53809bff50bcb32ce72bbaa1e;Columbia
c9e329b53809bff50bcb32ce72bbaa1e;SME Records
d2bcbb96f0e96e2a4cc94f9ddaa8b081;Nubiatik
d2bcbb96f0e96e2a4cc94f9ddaa8b081;Virgin Records
d2bcbb96f0e96e2a4cc94f9ddaa8b081;Higher Octave
d2bcbb96f0e96e2a4cc94f9ddaa8b081;Shanachie Records
4130355e52ccc692f5b708d4e3d7327d;Big Beat
4130355e52ccc692f5b708d4e3d7327d;Death Row
4130355e52ccc692f5b708d4e3d7327d;Tha Payroll Entertainment
0873b3112763799f87f6bce2bcb0d55c;Duck Down Records
d14941ea702a7de1d3bb52762d2bacca;Capitol Records
d14941ea702a7de1d3bb52762d2bacca;Bust It Records
330f1d93f95142425e0e7d9d9c336d54;Odd Future
116c734486bac8fa9b0242d335b684f2;JMJ
116c734486bac8fa9b0242d335b684f2;Def Jam
116c734486bac8fa9b0242d335b684f2;Koch
116c734486bac8fa9b0242d335b684f2;D3
116c734486bac8fa9b0242d335b684f2;Mad Money
116c734486bac8fa9b0242d335b684f2;Goon Musick
e20cfa4c2906d13e7ab5b856107cde8e;Hollywood BASIC
e20cfa4c2906d13e7ab5b856107cde8e;Elektra
e20cfa4c2906d13e7ab5b856107cde8e;Priority
e20cfa4c2906d13e7ab5b856107cde8e;EMI Records
e62c3fbc8b99ad27144154a3dec9780f;A&M Records
d93811cfeb481c0189c3056c41c1714a;Universal Latino Label
a7e1b4e2e0187f9751588ec0012fdf07;Ramp Records
9328208eee08884008fa0d7abd266a71;Babygrande Records
9328208eee08884008fa0d7abd266a71; Enemy Soil
1924627c89f88f389dc4f99e583b5fae;Elektra Records
1924627c89f88f389dc4f99e583b5fae;Warner Bros. Records
1924627c89f88f389dc4f99e583b5fae;Warlock Records
1924627c89f88f389dc4f99e583b5fae;Aureus Records
b0271349da3036daa8f7bcbc28021159;LaFace
b0271349da3036daa8f7bcbc28021159;Arista
b0271349da3036daa8f7bcbc28021159;RCA
b0271349da3036daa8f7bcbc28021159;Epic
774139fc183e4724c1f3e44dc88ba102;Outlaw
774139fc183e4724c1f3e44dc88ba102;Death Row
774139fc183e4724c1f3e44dc88ba102;Ca$hville
774139fc183e4724c1f3e44dc88ba102;Amaru
774139fc183e4724c1f3e44dc88ba102;Real Talk
774139fc183e4724c1f3e44dc88ba102;Koch
774139fc183e4724c1f3e44dc88ba102;Rap-a-Lot
21b6b4b65f10298fbc69fe9060c81ce8;Ruffhouse
21b6b4b65f10298fbc69fe9060c81ce8;Columbia
104a0ee719c8fdbb90097b6de6a08442;East West Records
dcb5360155dcbb4c92ac89c784bbe338;Grand Hustle Records
dcb5360155dcbb4c92ac89c784bbe338;(current)
dcb5360155dcbb4c92ac89c784bbe338;Atlantic Records
dcb5360155dcbb4c92ac89c784bbe338;(former)
1de5cff46536da8f6de19dc56fe01526;Square records
1de5cff46536da8f6de19dc56fe01526;Konvict Muzik
1de5cff46536da8f6de19dc56fe01526;Universal Music Group (SA)
80380559de71717fc406189500b5a238;Gee Street
80380559de71717fc406189500b5a238;V2
80380559de71717fc406189500b5a238;Island
5b3c7d7696ae053dd38a65051b7b1fcb;Universal Motown Records
5b3c7d7696ae053dd38a65051b7b1fcb; (2008 2011)
5b3c7d7696ae053dd38a65051b7b1fcb;RBC Records
5b3c7d7696ae053dd38a65051b7b1fcb; (2011 present)
c033a6f75d8739c3b2f8bf1b8fad5f60;Up All Nite
c033a6f75d8739c3b2f8bf1b8fad5f60;Jive Records
c033a6f75d8739c3b2f8bf1b8fad5f60;Indie Pop
c033a6f75d8739c3b2f8bf1b8fad5f60;SMC Recordings
896f5f5fd2b73983d6737342aa68e9c1;Gigant Records
dd70adcce25ec266b9da88de6509277a;A&A Records
dd70adcce25ec266b9da88de6509277a; Rebel Music
dd70adcce25ec266b9da88de6509277a;Roton
dd70adcce25ec266b9da88de6509277a; Cat Music
dd70adcce25ec266b9da88de6509277a; 20 CM Records
72d1caa6f8c5c582f88efca76eb4dc2f;Big Boy
72d1caa6f8c5c582f88efca76eb4dc2f; South Coast Music
72d1caa6f8c5c582f88efca76eb4dc2f;Rap-A-Lot
72d1caa6f8c5c582f88efca76eb4dc2f;UTP
7e0e5927b73776cb1f519dd3e554037c;Definitive Jux
a9a1baa8817e743d4e75d647b3ae6a4f;Ruthless Records
a9a1baa8817e743d4e75d647b3ae6a4f;Priority Records
f02ce6cb9dbcff1efffb71aee8b0bebd;PUTS Records
f02ce6cb9dbcff1efffb71aee8b0bebd; PL70 Records
f02ce6cb9dbcff1efffb71aee8b0bebd; Tres Records
f02ce6cb9dbcff1efffb71aee8b0bebd;Om Records
f02ce6cb9dbcff1efffb71aee8b0bebd;Gold Dust Media
17887cbe1c6fc188c8bda8887757c40a;Definitive Jux
2c97bc99a6dcb8c063a0d0b5aa821c22;Elektra Records
2c97bc99a6dcb8c063a0d0b5aa821c22;Untouchables Music
c90256b6ef462c655b127034d95447cb;Delicious Vinyl
c90256b6ef462c655b127034d95447cb; Chapter One
c85457565edddaf2cd35f7b0d7c5c938;URBNET
36c3a6ee44f76e868ebd73c58dd99b1d;Kokaine City
36c3a6ee44f76e868ebd73c58dd99b1d;Def Jam
36c3a6ee44f76e868ebd73c58dd99b1d;Def Jam South
8184ca6f407f48530c36fd6b5d373d75;Luke Records
e6fa61151b2c178ccc2d3bd8bdbf9cec;Wreck/Nervous Records
e6fa61151b2c178ccc2d3bd8bdbf9cec;Babygrande Records
65d1be80e9b701b30915f85451b5e736;Profile
65d1be80e9b701b30915f85451b5e736;Arista
65d1be80e9b701b30915f85451b5e736;BMG Records
7389c6d1180f1d59eae9f70e005431bc;Suburban Noize
148c0608387371dce2252ce0a07e64b4;Pretty Ricky 
148c0608387371dce2252ce0a07e64b4;(current)
148c0608387371dce2252ce0a07e64b4;Atlantic
148c0608387371dce2252ce0a07e64b4;Big Cat
148c0608387371dce2252ce0a07e64b4;Tommy Boy
148c0608387371dce2252ce0a07e64b4;Bluestar Ent.
148c0608387371dce2252ce0a07e64b4;(former)
b3555af76559666c7b2494f4371bc64f;No Limit
b3555af76559666c7b2494f4371bc64f;Priority
b3555af76559666c7b2494f4371bc64f; Trilogic
de7ef016ffb28aaee32a0f1e9753d38e;Island
de7ef016ffb28aaee32a0f1e9753d38e;KEG Management
de7ef016ffb28aaee32a0f1e9753d38e;Family For Life Records
41b4c7586f1d28459db3b969fd0733fa;Pro Era
41b4c7586f1d28459db3b969fd0733fa;Cinematic
56b31f79db257f709e449652be0b666f;Ku Shu Shu Records
56b31f79db257f709e449652be0b666f;Tusk Music
56b31f79db257f709e449652be0b666f;Ghetto Ruff
56b31f79db257f709e449652be0b666f;Nation Records
c936f25bf58dd37852ca49eda36e5c8d;Sick Symphonies
c936f25bf58dd37852ca49eda36e5c8d;Ruffhouse Records
5314c82ecba60dd15a7c7c1c376312d5;Joe & Joey Records
1d2e00739cb9b5b067acfd6979c6f225;Def Jam
1d2e00739cb9b5b067acfd6979c6f225;Columbia
1d2e00739cb9b5b067acfd6979c6f225;SME
1d2e00739cb9b5b067acfd6979c6f225;PolyGram
1d2e00739cb9b5b067acfd6979c6f225;PIAS
8e04ffe43051c6ab762916d16ccc425c;Purple Ribbon
8e04ffe43051c6ab762916d16ccc425c;Virgin
0f51d6a8e1f4c61e87c8ae8c3bb484f6;Virgin
0f51d6a8e1f4c61e87c8ae8c3bb484f6;EMI Records
37e03247b84e8fe0efff09ddd4b77594;Quadrasound/
37e03247b84e8fe0efff09ddd4b77594;Big Beat
3057757e5a3b448cef7e7f6b9bf30c23;MJJ Music/
3057757e5a3b448cef7e7f6b9bf30c23;Epic Records
6b0d4978389b14b90fcd881fd2e4d71a;Raider Klan
1eb29190edf913246294f26c607256ae;EarDrummers
1eb29190edf913246294f26c607256ae;Interscope
f5e4358fe587642018b1c00d011b57b2;Megamania
f5e4358fe587642018b1c00d011b57b2;Reel Art 2000
4c6c000964fb29613c7396b36d5e6cd8;Figure IV
4c6c000964fb29613c7396b36d5e6cd8;ViK.
4c6c000964fb29613c7396b36d5e6cd8;BMG Canada
44cbc221727e4ba7a4c96bc0d244006b;Hollywood BASIC
44cbc221727e4ba7a4c96bc0d244006b;Elektra Records
92fcc67032967924d1b40f0dce3c2320;independent
56a6f4ea0f63708688aed6ae138b4466;Virgin
56a6f4ea0f63708688aed6ae138b4466;Atlantic Records
56a6f4ea0f63708688aed6ae138b4466;Virgin
56a6f4ea0f63708688aed6ae138b4466;EMI Records
0fee27b996c2c7e7637062da0da22cec;Rap-a-Lot
0fee27b996c2c7e7637062da0da22cec;Smoke-a-Lot
0fee27b996c2c7e7637062da0da22cec;Asylum
0fee27b996c2c7e7637062da0da22cec;Godzilla Entertainment
0fee27b996c2c7e7637062da0da22cec;RBC
c30336d8343707a9c1e31dfe01eacfba;Renaissance Music LLC
4f238670ab863184e20ea26990cb70be;RK4L
4f238670ab863184e20ea26990cb70be;CosaNostra
4f238670ab863184e20ea26990cb70be;Columbia
4f238670ab863184e20ea26990cb70be;Grand Hustle
0b037eadc2cafac779ce23955c2b5c9c;Warner Music Group
47c716aedc3298c27e8846367a94c403;Hoo-Bangin'
47c716aedc3298c27e8846367a94c403;Virgin
55f9ac9d9df0a996756d9cbdaff2e967;Profile Records
55f9ac9d9df0a996756d9cbdaff2e967; Funky et Base Records
337977e730f21689cb757d8600ba643c;Rebelution
337977e730f21689cb757d8600ba643c;Kemosabe
337977e730f21689cb757d8600ba643c;RCA
337977e730f21689cb757d8600ba643c;Kon Live
337977e730f21689cb757d8600ba643c;Geffen
914e362bc2ad4fc96be33285f20a1fbb;Roll Deep Records 
914e362bc2ad4fc96be33285f20a1fbb;(2002-Present)
914e362bc2ad4fc96be33285f20a1fbb;Virgin Records
914e362bc2ad4fc96be33285f20a1fbb;(2005-2010)
914e362bc2ad4fc96be33285f20a1fbb;Relentless Records
914e362bc2ad4fc96be33285f20a1fbb;(2005-2010)
914e362bc2ad4fc96be33285f20a1fbb;Cooking Vinyl
914e362bc2ad4fc96be33285f20a1fbb; Records 
914e362bc2ad4fc96be33285f20a1fbb;(2012)
914e362bc2ad4fc96be33285f20a1fbb;Relentless Records
914e362bc2ad4fc96be33285f20a1fbb;(2013)
4ee129bb29d3720bf1f02707b1a78f56;Def Jam
4ee129bb29d3720bf1f02707b1a78f56;DGC
4ee129bb29d3720bf1f02707b1a78f56;MCA
4ee129bb29d3720bf1f02707b1a78f56;Interscope-Geffen-A&M
3d30cb884888326194cd0cf514efea55;Mad Sounds
3d30cb884888326194cd0cf514efea55;Motown
1fa1fad39a312b17f57727ce3cbfc7a3;Run the Jewels
1fa1fad39a312b17f57727ce3cbfc7a3; Inc.
1fa1fad39a312b17f57727ce3cbfc7a3;Mass Appeal
1fa1fad39a312b17f57727ce3cbfc7a3;Fool's Gold
1fa1fad39a312b17f57727ce3cbfc7a3;Big Dada
1fa1fad39a312b17f57727ce3cbfc7a3;Definitive Jux
48e40771e58d9583a8b24535469fd1d7;Profile
48e40771e58d9583a8b24535469fd1d7;Arista
48e40771e58d9583a8b24535469fd1d7;BMG
2038d6bd7a30b0591d73df116652a155;Rusty Ps Records
2038d6bd7a30b0591d73df116652a155;4th Density Music
03d72d4d1b7ba850178f10a0425bc8d3;Virgin
a88cd48f0f25f31013b5fbc89c52e8d9;Pop Art Records
a88cd48f0f25f31013b5fbc89c52e8d9;Next Plateau
a88cd48f0f25f31013b5fbc89c52e8d9;London
a88cd48f0f25f31013b5fbc89c52e8d9;PolyGram
a88cd48f0f25f31013b5fbc89c52e8d9; Red Ant
fdff4d05dda5457efc8ca4d3543ee3df;Screwed Up Records
bbc0c6ac399fea35ef275de7670ee076;Sugar Hill
e5da68dfc344006b31e4dcd9a9a00b05;NMC
23d6645af66e36d0c978601faf9acb69;Champion Sound
23d6645af66e36d0c978601faf9acb69;Celestial Recordings
23d6645af66e36d0c978601faf9acb69;Mean Street
23d6645af66e36d0c978601faf9acb69;Cornerstone R.A.S.
99e3a270e2b6e486e7b87576c5bf02c2;Still Shop Entertainment
99e3a270e2b6e486e7b87576c5bf02c2; LLC
99e3a270e2b6e486e7b87576c5bf02c2;Management = TranScend Entertainment
99e3a270e2b6e486e7b87576c5bf02c2; LLC
22bf181286a1584bf4d3845f6b7b3de4;PayDay/
22bf181286a1584bf4d3845f6b7b3de4;FFRR
22bf181286a1584bf4d3845f6b7b3de4;PolyGram
12a9cd151ceb72e78a854e1fa287d5b7;Strange Music
12a9cd151ceb72e78a854e1fa287d5b7; (2002 2009)
12a9cd151ceb72e78a854e1fa287d5b7;Bigg Shot
12a9cd151ceb72e78a854e1fa287d5b7; (2009 present)
62d4ed854ea0f9b574de6d58f96fc692;Warlock
62d4ed854ea0f9b574de6d58f96fc692;Jive
62d4ed854ea0f9b574de6d58f96fc692;RCA
cd071dfb0c5dcee816362705a4e75af4;Skull Gang Entertainment
cd071dfb0c5dcee816362705a4e75af4;E1 Music
fe93770348a2d96db77196d428465ced;Shady
fe93770348a2d96db77196d428465ced;Interscope
c7d2eeb564f890be0612123367f0ffba;Barak/
c7d2eeb564f890be0612123367f0ffba;Capitol
4cb23d8f04bc881b8b0299e642b9ab07;Move The Crowd Records
4cb23d8f04bc881b8b0299e642b9ab07;Universal Music Group
cedeadd4a46b4d769833b91cbc3f1a8d;Epic Records
68e791e90450172a656800cfef37d773;Duck Down
c7d816c048ce20a9a7f0a5d4d0bf3dc8;Desh Musique
e38bc645e4024ebfad9f317de82a694e;Goon MuSick
e38bc645e4024ebfad9f317de82a694e;Babygrande
daf504c7cf0ed70407698196bcc6be60;Sugarshack
daf504c7cf0ed70407698196bcc6be60; Dease
880e3f1e3e2dd8ed3cd3e376f416179a;Sounds Are Active
880e3f1e3e2dd8ed3cd3e376f416179a;Shrimper
880e3f1e3e2dd8ed3cd3e376f416179a;5 Minute Walk
880e3f1e3e2dd8ed3cd3e376f416179a; Jackson Rubio
880e3f1e3e2dd8ed3cd3e376f416179a;Homestead
880e3f1e3e2dd8ed3cd3e376f416179a; Holy Kiss Rex
880e3f1e3e2dd8ed3cd3e376f416179a;Sub Pop Records
880e3f1e3e2dd8ed3cd3e376f416179a; Karate
880e3f1e3e2dd8ed3cd3e376f416179a; InTransit
880e3f1e3e2dd8ed3cd3e376f416179a; Quiver Society!
a09ff047d301f6b39d0a1fdb3cdefaee;Hieroglyphics Imperium
a09ff047d301f6b39d0a1fdb3cdefaee;Jive
a09ff047d301f6b39d0a1fdb3cdefaee;BMG
351da81362772dfa4317fd84ee3e3953;Soulpower Productions
5ca8b5617013a76ed719942a4285fd62;Sub Verse Music
5ca8b5617013a76ed719942a4285fd62;Jasiri Music Group
d20a2784faaeda81904203a89e0f55cb;G.W.K.
d20a2784faaeda81904203a89e0f55cb; Pump
d20a2784faaeda81904203a89e0f55cb;Quality
d20a2784faaeda81904203a89e0f55cb;DJ West
a977c1ae32e86f1ef45d240af4d324ef;Artemis
a977c1ae32e86f1ef45d240af4d324ef; Antra
a977c1ae32e86f1ef45d240af4d324ef;Koch
a977c1ae32e86f1ef45d240af4d324ef;Epic
8e2d36543c4c902703c21e63aca8daf4;Ruffhouse
a43a745c93f263c32910ce053e713852;Derrty
a43a745c93f263c32910ce053e713852;Universal
a43a745c93f263c32910ce053e713852;U.C Me
8fd4f18396c4b2221d06b4f49ebfc744;State Property (2009-2016)
8fd4f18396c4b2221d06b4f49ebfc744;Roc-A-Fella
8fd4f18396c4b2221d06b4f49ebfc744; (2001-2009)
b3ae854ab026a2ffa146f4f999b6fd5f;Black Mafia
b3ae854ab026a2ffa146f4f999b6fd5f;Thizz
b3ae854ab026a2ffa146f4f999b6fd5f;(Current)
b3ae854ab026a2ffa146f4f999b6fd5f;No Limit
b3ae854ab026a2ffa146f4f999b6fd5f;Priority
b3ae854ab026a2ffa146f4f999b6fd5f; Bomb Shelter
b3ae854ab026a2ffa146f4f999b6fd5f; Coldcash 
b3ae854ab026a2ffa146f4f999b6fd5f;(Former)
e6790b6ca1382f62484d8a2a7f485ed6;4th & Broadway
e6790b6ca1382f62484d8a2a7f485ed6;Gee Street Records
e6790b6ca1382f62484d8a2a7f485ed6;Island Records
e6790b6ca1382f62484d8a2a7f485ed6; Graffiti Recording
e6790b6ca1382f62484d8a2a7f485ed6;Rhino
aeb12f97862852d5e8f33fb6f4535522;Tommy Boy
aeb12f97862852d5e8f33fb6f4535522;Warner Bros. Records
217c57177abde6117c6d17072a0e792c;Om Records
957c7126233c8a9befc23a73a83e485a;Blacksmith
957c7126233c8a9befc23a73a83e485a;Warner
957c7126233c8a9befc23a73a83e485a;Stones Throw
21cbb55f81d23f41d9f4558e5a51151f;SpyTech
21cbb55f81d23f41d9f4558e5a51151f;Machine Shop
21cbb55f81d23f41d9f4558e5a51151f; Bilawn
21cbb55f81d23f41d9f4558e5a51151f; Ideal
21cbb55f81d23f41d9f4558e5a51151f; Hi Ho
21cbb55f81d23f41d9f4558e5a51151f;Mammoth
2ab3cfd13fe439a8dcd57cb8b25b1ccd;On Top
2ab3cfd13fe439a8dcd57cb8b25b1ccd;Ichiban
592b97b2d5c47c1944449e46af5aef90;Sugar Hill
8325f6749f8ac9684845841686d712ad;Epic
b0e72466591fc8a51e375caa8f12ab10;Tabu Records
ac38ffb57ef4e82239f719d8a1d2c598;Battleaxe
ed015f01bbd50a0881891e84668b3bd7;Next Plateau Records
ed015f01bbd50a0881891e84668b3bd7;Atco
ed015f01bbd50a0881891e84668b3bd7;Atlantic Records
4f8f41db4c1b6a59f462221fad7710d2;PCP Productions
4f8f41db4c1b6a59f462221fad7710d2;Suburban Noize
fdf150c579db6b9fab7af37310d4d1f6;Bellmark Records
fdf150c579db6b9fab7af37310d4d1f6;Life Records
fdf150c579db6b9fab7af37310d4d1f6;Hamtastic Records
5e588e8e870b8f850166b9366a2fe0be;Low Life
5e588e8e870b8f850166b9366a2fe0be;Music from the Corner
43b08308b69020911925f5d1ae7ba936;Moe Doe Entertainment
db703b507c1f2bc9b03e4ae98faaccd0;Def Jam
db703b507c1f2bc9b03e4ae98faaccd0;/(B)APE Sounds 
db703b507c1f2bc9b03e4ae98faaccd0;(2005-present)
db703b507c1f2bc9b03e4ae98faaccd0;Star Trak Entertainment
db703b507c1f2bc9b03e4ae98faaccd0;(2007-2010)
6640723d6d4d19a99d8517c4b6895db4;SRC
6640723d6d4d19a99d8517c4b6895db4;Universal
6640723d6d4d19a99d8517c4b6895db4;Island
1bd765a04759af97f89439ec29540b55;Loud
1bd765a04759af97f89439ec29540b55;Waxploitation
dd3311887b561876bf24784964494b8d;Tha Blue Herb Records
71486b1159c4a6375fb2a52ed92a57bf;Mad Sounds/Motown
71486b1159c4a6375fb2a52ed92a57bf; Wild West
09fab289ce4253676a03c03c151261a9;Sony BMG
09fab289ce4253676a03c03c151261a9;Epic
09fab289ce4253676a03c03c151261a9;Koch
1b0424e7859eb0f8ebc0ede020861fa0;Anticon
cc315d2bc49878b71347f73ed95028bb;Starks Enterprises.
4669ab62f2c5d0a3a8bc734aee04304d;Hypnotize Minds
4669ab62f2c5d0a3a8bc734aee04304d;Columbia
eb2687076d34fd262b67e0b13906c000;Jive Records
eb2687076d34fd262b67e0b13906c000; Out Da Gutta Records
78e34342f086aab4513276637dee5dc5;Blackground Records
78e34342f086aab4513276637dee5dc5;Atlantic Records
f736a5f220695c3c7e7337ab39deda9b;Jay Records/Danya/
f736a5f220695c3c7e7337ab39deda9b;Fantasy Records
67aeb012b79b87e68a131c172649f5a6;Forty8Fifty
67aeb012b79b87e68a131c172649f5a6;Epic
67aeb012b79b87e68a131c172649f5a6;Island Records
3cc8cc2b3dd0884a9562341b5f54723f;LaFace
3cc8cc2b3dd0884a9562341b5f54723f;Arista
3cc8cc2b3dd0884a9562341b5f54723f;Epic
3cc8cc2b3dd0884a9562341b5f54723f;852 Musiq
221efea87f5085b3e9457d23703f5cca;Trackmasters Entertainment
221efea87f5085b3e9457d23703f5cca;Columbia Records
221efea87f5085b3e9457d23703f5cca;Universal Music Group
362bcf433011192f5b645ad564d2ca12;Porter House Music Group
362bcf433011192f5b645ad564d2ca12; Street Execs
9922abdba10f397b25794f29fec67838;Sugar Hill
9922abdba10f397b25794f29fec67838;MCA
9922abdba10f397b25794f29fec67838;Enjoy
9922abdba10f397b25794f29fec67838;Sequel
9922abdba10f397b25794f29fec67838;CBS Records
f087bc267ce61936d3125dd3a369a83a;Jive
f087bc267ce61936d3125dd3a369a83a;Epic
2e6b29cd7a6ed1183b3d561d9d56d4d7;URBNET Records
2e286b905fa5501ad8fa69c5ba1c0c10;BME
39aef6c3e1efb67307bfefc82387cc7b;Maybach
39aef6c3e1efb67307bfefc82387cc7b;Def Jam
f35bd4eb802d26476731a3d2a2d7fabd;No Limit
f35bd4eb802d26476731a3d2a2d7fabd;Priority
f35bd4eb802d26476731a3d2a2d7fabd;Koch
5866274010532de53a10852b9452c3e3;Big Dada
d6b01a88b598c9df3ab8bcbfd30b572a;Fueled by Ramen
d6b01a88b598c9df3ab8bcbfd30b572a;DCD2
d6b01a88b598c9df3ab8bcbfd30b572a;WEA International
d6b01a88b598c9df3ab8bcbfd30b572a;Atlantic
5bcc78e9c4db20015e62a10cb2f4d76a;Doggystyle Records
d4e60af60c0e5ab6eef3904836b9b677;Psychopathic Records
d4e60af60c0e5ab6eef3904836b9b677; (1997 2002; 2003 2012)
d4e60af60c0e5ab6eef3904836b9b677;Majik Recordz (2002 2003)
d4e60af60c0e5ab6eef3904836b9b677;Independent (2012 2014)
d4e60af60c0e5ab6eef3904836b9b677;Majik Ninja Entertainment
d4e60af60c0e5ab6eef3904836b9b677; (2014 present)
474d089894b96102d6fdfc60ad4cd950;EarDrummers
aa86de8c46273fca465d064119fc0a89;Liberation
ad842860cd77f8fda5c80ee29373108a;Jive
8cdaffb48f637700dd44ff6bbbce4f10;XL Recordings
8cdaffb48f637700dd44ff6bbbce4f10;Fat Beats
8cdaffb48f637700dd44ff6bbbce4f10;Emperor Norton/Rykodisc
8cdaffb48f637700dd44ff6bbbce4f10;1500/
8cdaffb48f637700dd44ff6bbbce4f10;A&M
8cdaffb48f637700dd44ff6bbbce4f10;Interscope
8cdaffb48f637700dd44ff6bbbce4f10;Universal Records
97dfff47149a37dfeb6fba9355a12021;Diamond International
97dfff47149a37dfeb6fba9355a12021; (1984 1986)
97dfff47149a37dfeb6fba9355a12021;Next Plateau
97dfff47149a37dfeb6fba9355a12021; (1986 1991)
97dfff47149a37dfeb6fba9355a12021;Mercury
97dfff47149a37dfeb6fba9355a12021;PolyGram Records
97dfff47149a37dfeb6fba9355a12021; (1991 1992)
97dfff47149a37dfeb6fba9355a12021;Wild Pitch
97dfff47149a37dfeb6fba9355a12021;EMI Records
97dfff47149a37dfeb6fba9355a12021; (1993 1994)
97dfff47149a37dfeb6fba9355a12021;Tuff City
97dfff47149a37dfeb6fba9355a12021; (1994 ?)
97dfff47149a37dfeb6fba9355a12021;DMAFT
97dfff47149a37dfeb6fba9355a12021; (2006 present)
0fefb279671ec6316d5ebc96a6b38b2b;Wild Pitch
0fefb279671ec6316d5ebc96a6b38b2b;EMI Records
86b728ee4ed07929e5f84435ce48dcbd;Diplomat(2009 Present)
86b728ee4ed07929e5f84435ce48dcbd;E1 Music
86b728ee4ed07929e5f84435ce48dcbd; (2009-Present)
86b728ee4ed07929e5f84435ce48dcbd;Asylum
86b728ee4ed07929e5f84435ce48dcbd; (2009 Present)
86b728ee4ed07929e5f84435ce48dcbd;Interscope Records
86b728ee4ed07929e5f84435ce48dcbd; (2011-Present)
86b728ee4ed07929e5f84435ce48dcbd;DD172
86b728ee4ed07929e5f84435ce48dcbd;BluRoc
86b728ee4ed07929e5f84435ce48dcbd;(2011-Present)
f50f24fb49f122845acb38785c9f4662;RPM MSC
f50f24fb49f122845acb38785c9f4662;Brainfeeder
f50f24fb49f122845acb38785c9f4662;INgrooves
ca095ccc2577e516113842138cd19283;Cash Money
ca095ccc2577e516113842138cd19283; Blazin' South
ca095ccc2577e516113842138cd19283; B-Real
04f350b4f8e041a3ae4872c3f8c78990;Blue Note
04f350b4f8e041a3ae4872c3f8c78990;Us3
27d21b7eaf3fcc0d30bdc4764cba8d3f;Def Jam
27d21b7eaf3fcc0d30bdc4764cba8d3f;CTE World
a384889bb0868b38a977dbaf6aa87db7;Select Records
a384889bb0868b38a977dbaf6aa87db7;UTFO/
a384889bb0868b38a977dbaf6aa87db7;Jive
a384889bb0868b38a977dbaf6aa87db7;RCA Records
b24ec0f83f51c85866fcf0c716c350c3;Rap-a-Lot
0d456d83ada71542267341b910d3207e;Avoid Records
0d456d83ada71542267341b910d3207e; 1998
0d456d83ada71542267341b910d3207e;Boa Music
0d456d83ada71542267341b910d3207e; 1999 - 2001
0d456d83ada71542267341b910d3207e;Rap Solo
0d456d83ada71542267341b910d3207e; 2001 - Present
3511d620fc15911c9d1a4520d7110fbb;Prism
3511d620fc15911c9d1a4520d7110fbb; (US)
3511d620fc15911c9d1a4520d7110fbb;Island
3511d620fc15911c9d1a4520d7110fbb; (UK)
3511d620fc15911c9d1a4520d7110fbb;Motown
3511d620fc15911c9d1a4520d7110fbb; (US)
3511d620fc15911c9d1a4520d7110fbb;Prism Records
3511d620fc15911c9d1a4520d7110fbb;Unidisc
3511d620fc15911c9d1a4520d7110fbb;Arista
3511d620fc15911c9d1a4520d7110fbb; (US)
3511d620fc15911c9d1a4520d7110fbb;Fourth and Broadway
3511d620fc15911c9d1a4520d7110fbb;Island
3511d620fc15911c9d1a4520d7110fbb; (UK)
f5041e83c7dc821e773034bf2f2c5d6a;VPP
f5041e83c7dc821e773034bf2f2c5d6a;Epic
f5041e83c7dc821e773034bf2f2c5d6a;Sony
23fa49cf1519c628793e165f28d9119b;Eastern Conference Records
9c70268c235f6b212d9793f043cce73a;Jive Records
dd65859c6881da889208a1923619bb4e;Priority Records
dd65859c6881da889208a1923619bb4e;Hoo Bangin' Records
dd65859c6881da889208a1923619bb4e;Lench Mob Records
62bdfaa200922492e6ef58426d86d4ca;Lampshade Media
92513216c3f63b904a40ce868c249368;Jive
92513216c3f63b904a40ce868c249368;Arista Records
92513216c3f63b904a40ce868c249368;MCA Records
92513216c3f63b904a40ce868c249368;So So Def
92513216c3f63b904a40ce868c249368;Columbia
d82eb860d852cfcf83d4e755df875b4e;Tommy Boy
d82eb860d852cfcf83d4e755df875b4e;Warner Bros. Records
9e42bd4898282d8508a7f18f7de5f696;Black Day In July
c6a77d2432cee85eb8456e09b4217f2e;Atlantic
c6a77d2432cee85eb8456e09b4217f2e;Motown
c6a77d2432cee85eb8456e09b4217f2e;MCA
5f3878990fb6a6df571382b58030d98d;Kru-Cut
5f3878990fb6a6df571382b58030d98d;Epic
5f3878990fb6a6df571382b58030d98d; Macola Records
0a3852be369f466827cffd10fab4c017;Soul Temple
0a3852be369f466827cffd10fab4c017;Loud
0a3852be369f466827cffd10fab4c017;RCA
0a3852be369f466827cffd10fab4c017;SRC
0a3852be369f466827cffd10fab4c017;Universal Republic
0a3852be369f466827cffd10fab4c017;Asylum
0a3852be369f466827cffd10fab4c017;Warner Bros.
a4721fab2a82a05712d43db0764fcd58;4th & B'way
a4721fab2a82a05712d43db0764fcd58;Island
a4721fab2a82a05712d43db0764fcd58;Polydor
a4721fab2a82a05712d43db0764fcd58;Suburban Noize Records
c3989ba9596008195a45ac8e02eb0e42;Out Here
21b20a3786b3fa38cab8181b6d916a97;PMP/
21b20a3786b3fa38cab8181b6d916a97;RAL/Def Jam
0f12046018a4a9ba622cce7e0e96cfd0;Mercury
0f12046018a4a9ba622cce7e0e96cfd0;PolyGram Records
0f12046018a4a9ba622cce7e0e96cfd0;Mends Records
e6ec60cedc2133c9691a56a3dcc99e38;TVT
e6ec60cedc2133c9691a56a3dcc99e38;Universal Records
e6ec60cedc2133c9691a56a3dcc99e38;Epic Records
e6ec60cedc2133c9691a56a3dcc99e38;(2012 present)
58992204deb25dcb562d3d47498a4631;YBZ Music Group
58992204deb25dcb562d3d47498a4631;LaFace Records
47a3f541be5a3469a1a1c5f4e26dda09;Roc-A-Fella
47a3f541be5a3469a1a1c5f4e26dda09;Young Gunz Media
47a3f541be5a3469a1a1c5f4e26dda09;MyArtistDNA
061f113e76a56695046c4b4af1ad6409;Brandamusic
061f113e76a56695046c4b4af1ad6409; Mayor Boss Promotion & Universe Media Group
1b167af01b08e72be153e2de22b62959;Dangerous (1993 1999)
1b167af01b08e72be153e2de22b62959;Death Row
1b167af01b08e72be153e2de22b62959; (1994 1998)
60f85ed1ca2beb33b665c3f820ae47f5;Ground Control
60f85ed1ca2beb33b665c3f820ae47f5; Raptivism
60f85ed1ca2beb33b665c3f820ae47f5; Live Up Records
60f85ed1ca2beb33b665c3f820ae47f5; Gold Dust Media
