77cf3b7f2ba0856f0615bdae600282d6;Escatawpa
77cf3b7f2ba0856f0615bdae600282d6; Mississippi
77cf3b7f2ba0856f0615bdae600282d6; U.S.
b5f86013eb8b62fa4a89cd9afcceaf4f;Jacksonville
b5f86013eb8b62fa4a89cd9afcceaf4f; Florida
b5f86013eb8b62fa4a89cd9afcceaf4f;United States
fd23421f74204c31f3a05b672b8ae0d9;Richmond
fd23421f74204c31f3a05b672b8ae0d9;Virginia
fd23421f74204c31f3a05b672b8ae0d9;United States
ded3dd744918c98d31a36eec49bef8c2;Jacksonville
ded3dd744918c98d31a36eec49bef8c2;Florida
ded3dd744918c98d31a36eec49bef8c2;U.S.
d56855eed21f275e90e8d858631ed04e;Macon
d56855eed21f275e90e8d858631ed04e; Georgia
d56855eed21f275e90e8d858631ed04e; United States
bcd178fc1d4ece60dd4f6801844ecd06;Nashville
bcd178fc1d4ece60dd4f6801844ecd06;Tennessee
bcd178fc1d4ece60dd4f6801844ecd06;U.S.
a213aff1611cf1b2fa0eb1d5cbf3b9bb;Doraville
a213aff1611cf1b2fa0eb1d5cbf3b9bb;Georgia
a213aff1611cf1b2fa0eb1d5cbf3b9bb; U.S.
826d96a505182af6a5dd283eb1c418ef;Nashville
826d96a505182af6a5dd283eb1c418ef; Tennessee
826d96a505182af6a5dd283eb1c418ef; United States
2676de38945134b6dce026020113020e;Pasco County
2676de38945134b6dce026020113020e; Florida
2676de38945134b6dce026020113020e;United States
f01993564423e34f8dc4d88f3a404318;Nashville
f01993564423e34f8dc4d88f3a404318; Tennessee
f01993564423e34f8dc4d88f3a404318; United States
64bbd672c9ced6d322180601ae8fb28d;Black Oak
64bbd672c9ced6d322180601ae8fb28d; Arkansas
64bbd672c9ced6d322180601ae8fb28d; United States
06841139d08eab292a4a14606f985afd;Edmonton
06841139d08eab292a4a14606f985afd;Kentucky
06841139d08eab292a4a14606f985afd;United States
455c4cb0d4d0a648de362af7b735883f;Nashville
455c4cb0d4d0a648de362af7b735883f; Tennessee
455c4cb0d4d0a648de362af7b735883f; United States
cb26cb00529fcc0c1b6c3d9d97c18187;Los Angeles
cb26cb00529fcc0c1b6c3d9d97c18187; California
cb26cb00529fcc0c1b6c3d9d97c18187; United States
1d5b4641b75a6a4386a96bbfdf5392bd;Mississippi
1d5b4641b75a6a4386a96bbfdf5392bd;United States
dcdb8f0a4cd323227da0737a95e39970;Los Angeles
dcdb8f0a4cd323227da0737a95e39970;California
dcdb8f0a4cd323227da0737a95e39970; United States
fd38a2675829e13a04aba71c849d820d;Nashville
fd38a2675829e13a04aba71c849d820d; Tennessee
fd38a2675829e13a04aba71c849d820d; United States
4f2b09f9a6931826c82054129bcf7eff;Syracuse
4f2b09f9a6931826c82054129bcf7eff; New York
bf05afae59aecc9438362f49fd5a2f8d;Birmingham
bf05afae59aecc9438362f49fd5a2f8d;Alabama
bf05afae59aecc9438362f49fd5a2f8d; United States
ca66445b4bff554c2baa3dfb57fef75a;Nashville
ca66445b4bff554c2baa3dfb57fef75a; Tennessee
ca66445b4bff554c2baa3dfb57fef75a; U.S.
3c1483e3a66235a3b931afe20cb70a7d;Washington
3c1483e3a66235a3b931afe20cb70a7d; D.C.
3c1483e3a66235a3b931afe20cb70a7d; U.S.
45592def2c3d13e3a49ec5adcc126387;Novi Sad
45592def2c3d13e3a49ec5adcc126387;Serbia
eb7a554e9e845363f1ad20455a632228;Atlanta
eb7a554e9e845363f1ad20455a632228; Georgia
eb7a554e9e845363f1ad20455a632228; United States
949354d6cfc53cad9b0eafdfe58c9e13;Raleigh
949354d6cfc53cad9b0eafdfe58c9e13;North Carolina
949354d6cfc53cad9b0eafdfe58c9e13; U.S.
9a9f684389e8568a39d001a50f656a8a;Yukon
9a9f684389e8568a39d001a50f656a8a; Oklahoma
9a9f684389e8568a39d001a50f656a8a;USA
cd89bd5588e8d07a9c254470287a98d2;New York
cd89bd5588e8d07a9c254470287a98d2; U.S.
189c664dc9a49f5d4493943bc933716c;Nashville
189c664dc9a49f5d4493943bc933716c; Tennessee
189c664dc9a49f5d4493943bc933716c;USA
4413b95e4a8df36d920795cc1ada07bd;Morehead City
4413b95e4a8df36d920795cc1ada07bd; North Carolina
4413b95e4a8df36d920795cc1ada07bd; United States
6c77cf72e9f8a219db447b4c5808d035;Vancouver
6c77cf72e9f8a219db447b4c5808d035;British Columbia
6c77cf72e9f8a219db447b4c5808d035;Canada
6fd7b01aa2ce7820bf3e6a0a20cc5b1c;Knoxville
6fd7b01aa2ce7820bf3e6a0a20cc5b1c; Tennessee
88e227f6aade8bb3c3a39649ca8b060b;Augusta
88e227f6aade8bb3c3a39649ca8b060b;Georgia
2726fc4fc54e1a7d3e89cd1dea3b1989;Texas
2726fc4fc54e1a7d3e89cd1dea3b1989;US
cf81ebe41dffeafbcab8d1ec608ce2e5;San Jose
cf81ebe41dffeafbcab8d1ec608ce2e5;California
cf81ebe41dffeafbcab8d1ec608ce2e5; U.S.
490f874e181a7bc1f3eb5fedacb95cce;New Orleans
490f874e181a7bc1f3eb5fedacb95cce;Louisiana
490f874e181a7bc1f3eb5fedacb95cce; U.S.
650d819db8d3f3db07bc75b74afe6adc;Athens
650d819db8d3f3db07bc75b74afe6adc; Georgia
650d819db8d3f3db07bc75b74afe6adc;United States
3d41c090a1010ac9d39b0323b55148c8;Atlanta
3d41c090a1010ac9d39b0323b55148c8; GA
3d41c090a1010ac9d39b0323b55148c8; United States
3f46ef80e084d7470099c88e3fa2b58b;Charlotte
3f46ef80e084d7470099c88e3fa2b58b; North Carolina
3f46ef80e084d7470099c88e3fa2b58b;U.S.
f79b1d3fd383b83fcf5528269191cf25;Hollywood
f79b1d3fd383b83fcf5528269191cf25;California
f4ec1c2eba86295ab830bed9de5a378b;Nashville
f4ec1c2eba86295ab830bed9de5a378b; Tennessee
f4ec1c2eba86295ab830bed9de5a378b; U.S.
616c56d818cb46c55503a0878bbc5211;United States
f50ce503c106e231c0bf45d873c87e5a;Davie
f50ce503c106e231c0bf45d873c87e5a; Florida
f50ce503c106e231c0bf45d873c87e5a; United States
53dc2447866bfe31869bbfa5de0fa04a;Atlanta
53dc2447866bfe31869bbfa5de0fa04a;Georgia
53dc2447866bfe31869bbfa5de0fa04a; United States
10d991d1c70a77fe4d97bc361ee4fa0d;Los Angeles
10d991d1c70a77fe4d97bc361ee4fa0d;California
10d991d1c70a77fe4d97bc361ee4fa0d;United States
eb3242eacb2b3f8e5f7b5f625d59974a;Caracas
eb3242eacb2b3f8e5f7b5f625d59974a; Venezuela
a607a9327ce46bbc49f4379a3fb0df24;Wilmington
a607a9327ce46bbc49f4379a3fb0df24;North Carolina
a607a9327ce46bbc49f4379a3fb0df24; United States
a607a9327ce46bbc49f4379a3fb0df24;Hard rock
a607a9327ce46bbc49f4379a3fb0df24;alternative metal
a607a9327ce46bbc49f4379a3fb0df24;alternative rock
a607a9327ce46bbc49f4379a3fb0df24;stoner rock
a607a9327ce46bbc49f4379a3fb0df24;psychedelic rock
a607a9327ce46bbc49f4379a3fb0df24;sludge metal
a607a9327ce46bbc49f4379a3fb0df24;Southern rock
a607a9327ce46bbc49f4379a3fb0df24;Southern metal
a607a9327ce46bbc49f4379a3fb0df24; (early)
a607a9327ce46bbc49f4379a3fb0df24;metalcore
a607a9327ce46bbc49f4379a3fb0df24; (early)
a1c38a03d47c0757738c09b5137d6c3f;Dallas
a1c38a03d47c0757738c09b5137d6c3f; Texas
a1c38a03d47c0757738c09b5137d6c3f; U.S.
bd37a0550495cceccd56546d90dac9c1;St. Petersburg
bd37a0550495cceccd56546d90dac9c1; Florida
bd37a0550495cceccd56546d90dac9c1; United States
7523da9ea75d70fb56d9866ecc3748cb;Los Angeles
7523da9ea75d70fb56d9866ecc3748cb; California
7523da9ea75d70fb56d9866ecc3748cb; United States
99c7629713680beffbef08e5ba103f93;Killen
99c7629713680beffbef08e5ba103f93;Alabama
99c7629713680beffbef08e5ba103f93;United States
dc44851636fdc3cf4f864f40092af372;Jacksonville
dc44851636fdc3cf4f864f40092af372; Florida
dc44851636fdc3cf4f864f40092af372; U.S.
a7d41a4b8b3c1d7f5ebf056c4b731304;Kennesaw
a7d41a4b8b3c1d7f5ebf056c4b731304; Georgia
a7d41a4b8b3c1d7f5ebf056c4b731304; United States
a960ccda20c1dc7f811524fd581bd57c;Kennesaw
a960ccda20c1dc7f811524fd581bd57c;Georgia
2ef1666212b1446aa52bac489958a89c;Lubbock
2ef1666212b1446aa52bac489958a89c; Texas
2ef1666212b1446aa52bac489958a89c;United States
d2e0f130078541c54a93c90e6fb02222;Nashville
d2e0f130078541c54a93c90e6fb02222;Tennessee
d2e0f130078541c54a93c90e6fb02222;US
3c6046a1b70634b0049bcfac48002338;Oxford
3c6046a1b70634b0049bcfac48002338; Mississippi
3c6046a1b70634b0049bcfac48002338; United States
187ff5284421b76cf46d47193bb0dbb3;Nashville
187ff5284421b76cf46d47193bb0dbb3; Tennessee
187ff5284421b76cf46d47193bb0dbb3; United States
3d890f629c08b1f24718c65b330013dc;Louisiana
3d890f629c08b1f24718c65b330013dc; U.S.
64eac217561ddece5805552f2ba463e2;Memphis
64eac217561ddece5805552f2ba463e2;Tennessee
64eac217561ddece5805552f2ba463e2; United States
3c06aae9c5b9eec4f0caad3f6a0272f1;St. Louis
3c06aae9c5b9eec4f0caad3f6a0272f1;Missouri
3c06aae9c5b9eec4f0caad3f6a0272f1;United States
09e46af8eddd239e8fe83e7ab2406b7e;Spartanburg
09e46af8eddd239e8fe83e7ab2406b7e; South Carolina
09e46af8eddd239e8fe83e7ab2406b7e;USA
81c1ec02844d38ea4f4daeac7fffe730;Birmingham
81c1ec02844d38ea4f4daeac7fffe730; Alabama
81c1ec02844d38ea4f4daeac7fffe730; U.S.
dd9f49d6386857b143154c4965148084;Athens
dd9f49d6386857b143154c4965148084; Ohio
dd9f49d6386857b143154c4965148084; United States
f772c18c9799ec0f41c37ba99dbd652a;Tampa
f772c18c9799ec0f41c37ba99dbd652a; Florida
f772c18c9799ec0f41c37ba99dbd652a;United States
45cf2fdd01fcaa4d88662acb60a1f403;Dallas
45cf2fdd01fcaa4d88662acb60a1f403;Texas
45cf2fdd01fcaa4d88662acb60a1f403; United States
748b107cb6bd7354ab445f37ca4819af;Gainesville
748b107cb6bd7354ab445f37ca4819af; Florida
748b107cb6bd7354ab445f37ca4819af; United States
469239c153295554144eff7f0e2b2816;Hamilton
469239c153295554144eff7f0e2b2816; Ontario
469239c153295554144eff7f0e2b2816;Canada
39225e4367f976b76341013f4296ddb1;Atlanta
39225e4367f976b76341013f4296ddb1;Georgia
39225e4367f976b76341013f4296ddb1; U.S.
ccdd56c4a418b0ccbad0458da249abf5;Seneca
ccdd56c4a418b0ccbad0458da249abf5; South Carolina
ccdd56c4a418b0ccbad0458da249abf5; United States
d88eb8eb7dd7480496648c0e1e680517;San Francisco
d88eb8eb7dd7480496648c0e1e680517;California
5cc868542a797cfed76085704547bef8;Kennesaw
5cc868542a797cfed76085704547bef8; Georgia
b089f91b9926cac14ef539fc6399ba09;Douglasville
b089f91b9926cac14ef539fc6399ba09;Georgia
b089f91b9926cac14ef539fc6399ba09; United States
0cd977ac5a97d8e0f295cff9c79da47e;Austin
0cd977ac5a97d8e0f295cff9c79da47e; Texas
0cd977ac5a97d8e0f295cff9c79da47e;United States
aa1424ef72e8ff6a1643488231a25f49;Pittsburgh
aa1424ef72e8ff6a1643488231a25f49; Pennsylvania
ea1fb186ff45f771d59f52b047cdfa5d;Springfield
ea1fb186ff45f771d59f52b047cdfa5d; Missouri
af5ca9aae93269946dbd4989046aaf42;Arlington
af5ca9aae93269946dbd4989046aaf42; Texas
af5ca9aae93269946dbd4989046aaf42; U.S.
445f7246bf4d1524955612f686ea3696;United States
219246be94978050d81cd8f41b93bbc2;Irving
219246be94978050d81cd8f41b93bbc2;Texas
219246be94978050d81cd8f41b93bbc2; United States
7182049f94fd87cae90b16b5d169c836;Athens
7182049f94fd87cae90b16b5d169c836;Ellijay
7182049f94fd87cae90b16b5d169c836;Gilmer County Georgia
7182049f94fd87cae90b16b5d169c836;Georgia
985f42aa4deb85bcda795a29124427c7;Charlotte
985f42aa4deb85bcda795a29124427c7; North Carolina
f0fe182c8f4bf8df01a227729d706d00;New Orleans
f0fe182c8f4bf8df01a227729d706d00;Louisiana
f0fe182c8f4bf8df01a227729d706d00; United States
3af668fe70ac954d412f9f64569119f8;NYC
3af668fe70ac954d412f9f64569119f8;New York
3af668fe70ac954d412f9f64569119f8; United States
8f458eb1cd4f889279132a70b86e2ad9;New York City
8f458eb1cd4f889279132a70b86e2ad9; United States
5520ab450f265f2c6afae77aec66a3ea;Warner Robins
5520ab450f265f2c6afae77aec66a3ea; Georgia
5520ab450f265f2c6afae77aec66a3ea;USA
816c8777f3efe9defb3aba45c5a47eb4;Birmingham
816c8777f3efe9defb3aba45c5a47eb4; Alabama
816c8777f3efe9defb3aba45c5a47eb4;United States
123c29e93560cf0f5d790e8e738cfafb;Dallas
123c29e93560cf0f5d790e8e738cfafb; Texas
123c29e93560cf0f5d790e8e738cfafb; U.S.
f4e8cc34d6715f3c1defc09d65e55da3;North Andover
f4e8cc34d6715f3c1defc09d65e55da3;Massachusetts
ad47fa10c089da1739bdf6c69ce25253;Jacksonville
ad47fa10c089da1739bdf6c69ce25253;Florida
ad47fa10c089da1739bdf6c69ce25253; U.S.
40ec01715a0d2cca0c7e39750742019f;Corinth
40ec01715a0d2cca0c7e39750742019f; Mississippi
40ec01715a0d2cca0c7e39750742019f; U.S.
97b26ed2d37379f85793f23d435116ed;Austin
97b26ed2d37379f85793f23d435116ed; Texas
97b26ed2d37379f85793f23d435116ed;U.S.
ee1a6ae93daa3646d9551ed153c61173;United States
e5278a8f3497be6e990d775b1bcf49dc;Macon
e5278a8f3497be6e990d775b1bcf49dc;Georgia
50bf9330171f929c39c4589c2bb17747;Atlanta
50bf9330171f929c39c4589c2bb17747; Georgia
50bf9330171f929c39c4589c2bb17747; U.S.
98ba1ac8e01dd63227cc30b4f74c939b;Philadelphia
98ba1ac8e01dd63227cc30b4f74c939b;Pennsylvania
98ba1ac8e01dd63227cc30b4f74c939b; U.S.
06c725b82bf7106c895745135c3fca4b;Gainesville
06c725b82bf7106c895745135c3fca4b; Florida
06c725b82bf7106c895745135c3fca4b; US
1c042a8567d2f1d9b0c59f4be2f8e597;Jefferson City
1c042a8567d2f1d9b0c59f4be2f8e597;Missouri
1c042a8567d2f1d9b0c59f4be2f8e597;US
a1fc59b843c6e2e9589318c7d2949752;Elizabethton
a1fc59b843c6e2e9589318c7d2949752; Tennessee
c0d318e6c0277f63b922b40338d0600f;Maryland
c0d318e6c0277f63b922b40338d0600f;United States
5c5cba8ba7a62afda4747a60ddd41661;Nashville
5c5cba8ba7a62afda4747a60ddd41661; Tennessee
5c5cba8ba7a62afda4747a60ddd41661; U.S.
4f8f07e9f6efabb98f727d4d6cadf0e8;Redlands
4f8f07e9f6efabb98f727d4d6cadf0e8; California
4f8f07e9f6efabb98f727d4d6cadf0e8;Salt Lake City
4f8f07e9f6efabb98f727d4d6cadf0e8; Utah
f16efc389c0fa4ee78c6bb6b6671d2a1;Chapel Hill
f16efc389c0fa4ee78c6bb6b6671d2a1;North Carolina
931a74fe91611fdc2aaffbe36336443a;New Orleans
931a74fe91611fdc2aaffbe36336443a;Louisiana
931a74fe91611fdc2aaffbe36336443a; United States
1666c3ec5f035bdbe08cc8fb36b0707d;Miami
1666c3ec5f035bdbe08cc8fb36b0707d; Oklahoma
1666c3ec5f035bdbe08cc8fb36b0707d; U.S.
8b00176b73e210cf80e951b3ae8cec82;San Francisco
8b00176b73e210cf80e951b3ae8cec82;California
8b00176b73e210cf80e951b3ae8cec82; United States
465e03ad37e9f65cf0eb77fa1d7d3afd;Warner Robins
465e03ad37e9f65cf0eb77fa1d7d3afd; Georgia
465e03ad37e9f65cf0eb77fa1d7d3afd; United States
7b190ab037ca4b3057fb96196bb1167e;New Orleans
7b190ab037ca4b3057fb96196bb1167e; Louisiana
b7fb63e6d7a390ddd9cef8ae8489331b;Prestonsburg
b7fb63e6d7a390ddd9cef8ae8489331b; Kentucky
00b56b642af0078b5e0f7b356c636530;Denison
00b56b642af0078b5e0f7b356c636530; Texas
00b56b642af0078b5e0f7b356c636530; U.S.
4ba682bd23b84e094010762ef5225a1d;Marietta
4ba682bd23b84e094010762ef5225a1d; Georgia
4ba682bd23b84e094010762ef5225a1d; U.S.
41ba2c8daf36dd66972b08835426d359;Gainesville
41ba2c8daf36dd66972b08835426d359;Florida
41ba2c8daf36dd66972b08835426d359;United States
aa7dbd00b21b20887e552e57983af952;Oak Grove
aa7dbd00b21b20887e552e57983af952; Louisiana
aa7dbd00b21b20887e552e57983af952; United States
62155772c4056463fa0fc40b5bc92a8d;Bastrop
62155772c4056463fa0fc40b5bc92a8d; and 
62155772c4056463fa0fc40b5bc92a8d;Monroe
62155772c4056463fa0fc40b5bc92a8d;Louisiana
9339816df13cd9a770c450b4eaa74166;Jacksonville
9339816df13cd9a770c450b4eaa74166; Florida
9339816df13cd9a770c450b4eaa74166;United States
6fb3504e7005802a93f39fca8d5b9fdd;Mobile
6fb3504e7005802a93f39fca8d5b9fdd; Alabama
6fb3504e7005802a93f39fca8d5b9fdd;United States
6d2ed56831fdabfc54b4659c77772b84;United States
cb8e9f79396ffc2a06fae0abf350be18;Elkhart
cb8e9f79396ffc2a06fae0abf350be18; Texas
15e859944dc8cfd7274893a44792c36b;Fort Worth
15e859944dc8cfd7274893a44792c36b; Texas
15e859944dc8cfd7274893a44792c36b; United States
a6fecafb23565fade97c7e1f325233fe;Athens
a6fecafb23565fade97c7e1f325233fe; Georgia
a6fecafb23565fade97c7e1f325233fe; USA
c84e69892c0b1e2b55a95033231885fd;Franklin
c84e69892c0b1e2b55a95033231885fd; Tennessee
c84e69892c0b1e2b55a95033231885fd; United States
6cbdacda0dc3fecfb7115102f5c99f39;United States
6065a880dadb2a63c75720e6373880e3;Los Angeles
6065a880dadb2a63c75720e6373880e3;California
6065a880dadb2a63c75720e6373880e3; USA
