053355bd90c99ef16e0a2732316838d6;Liverpool
053355bd90c99ef16e0a2732316838d6;Merseyside
053355bd90c99ef16e0a2732316838d6;England
396b9ba1f9173f2c3bf39f94468ea1ad;Johannesburg
396b9ba1f9173f2c3bf39f94468ea1ad;South Africa
cd0486386c9708a59b8db2d1e740a705;Bridgend
cd0486386c9708a59b8db2d1e740a705; Wales
cd0486386c9708a59b8db2d1e740a705; U.K.
e66613f49ce1197d02b4c8f106200e8b;Richmond
e66613f49ce1197d02b4c8f106200e8b;Virginia
e66613f49ce1197d02b4c8f106200e8b; United States
a6845cb921e4538e4ebd5bf6c096e5d7;Gothenburg
67eea2fcdc78e95e59415ddba48e2814;Lahti
67eea2fcdc78e95e59415ddba48e2814; Finland
158d0dd9ec573b63d27aae2fec324ff5;Little Rock
158d0dd9ec573b63d27aae2fec324ff5; Arkansas
158d0dd9ec573b63d27aae2fec324ff5; U.S.
f5e2e3e8056f8b2a52fab1acfbb847b4;Stevenage
f5e2e3e8056f8b2a52fab1acfbb847b4;Hertfordshire
f5e2e3e8056f8b2a52fab1acfbb847b4; England
f5e2e3e8056f8b2a52fab1acfbb847b4; United Kingdom
2c7a4cb4b1b5d637323d5ccb7dc98c61;London
2c7a4cb4b1b5d637323d5ccb7dc98c61; United Kingdom
1011f79d2b3d87640ecebe7b7d3f6ca6;Sweden
1011f79d2b3d87640ecebe7b7d3f6ca6;Finland
1da2567b655479e7fbca26211090185f;Helsinki
1da2567b655479e7fbca26211090185f; Finland
97f56038c4bda518c0d3446e955ca08f;Stockholm
97f56038c4bda518c0d3446e955ca08f; Sweden
39a4879ba68e5a4872a071f693458118;Finland
01a675974738b66680aa064cb4e48fb2;Pittsburgh
0f235a8176cddbf1fe3d3d5cbfb54c62;Tempe
0f235a8176cddbf1fe3d3d5cbfb54c62;Arizona
0f235a8176cddbf1fe3d3d5cbfb54c62;United States
32426c67ad5ce6d9d164bab13f54ab6b;Stokmarknes
32426c67ad5ce6d9d164bab13f54ab6b;Norway
82e1aa86ef513e7c788e3dd3edf06182;Cleveland
82e1aa86ef513e7c788e3dd3edf06182; Ohio
82e1aa86ef513e7c788e3dd3edf06182; United States
39ba426d1f0a7c8df6fdb6cd1eec32fd;Halifax
39ba426d1f0a7c8df6fdb6cd1eec32fd; West Yorkshire
39ba426d1f0a7c8df6fdb6cd1eec32fd; England
eb972a20469a2fac8e52b7558efee326;Larissa
eb972a20469a2fac8e52b7558efee326;Greece
899463abde8a724d730397dcda66e594;Peoria
899463abde8a724d730397dcda66e594; Illinois
899463abde8a724d730397dcda66e594;Denver
899463abde8a724d730397dcda66e594; Colorado
899463abde8a724d730397dcda66e594; U.S.
cc2da0770c09f3b017fbf2483f985455;Boston
cc2da0770c09f3b017fbf2483f985455;Massachusetts
94866e378d32e162d18b00fc0c174bed;Los Angeles
94866e378d32e162d18b00fc0c174bed; California
94866e378d32e162d18b00fc0c174bed; U.S.
ec3841d47902f7ecafe185a0e78ef46b;Macomb
ec3841d47902f7ecafe185a0e78ef46b; Illinois
ec3841d47902f7ecafe185a0e78ef46b; U.S.
bf6ca21f7e69436401fb23146aa02bd8;Los Angeles
bf6ca21f7e69436401fb23146aa02bd8;California
bf6ca21f7e69436401fb23146aa02bd8; United States
7c031054464e6fd43810e8d3b628f061;Switzerland
d0d57c071622cc34ff3ef4b929b3390e;Montreal
d0d57c071622cc34ff3ef4b929b3390e;Quebec
d0d57c071622cc34ff3ef4b929b3390e;Canada
f7d22a76a9423edcfb94e13c1de57b03;San Jose
f7d22a76a9423edcfb94e13c1de57b03; California
39098ce064f3ba3b42021a16ca7aa7ab;Germany
