5bc0e90bb0e8df84d7038a8e2a9d8df3;Ian McDonald
5bc0e90bb0e8df84d7038a8e2a9d8df3;Jakko Jakszyk
5bc0e90bb0e8df84d7038a8e2a9d8df3;Mel Collins
5bc0e90bb0e8df84d7038a8e2a9d8df3;Peter Giles
5bc0e90bb0e8df84d7038a8e2a9d8df3;Michael Giles
5bc0e90bb0e8df84d7038a8e2a9d8df3;Ian Wallace
9757c09756fbed4cab9cd701455bd9bc;Joe Cuchelo
9757c09756fbed4cab9cd701455bd9bc;Christopher John Bittner
9757c09756fbed4cab9cd701455bd9bc;Jason Foster
9757c09756fbed4cab9cd701455bd9bc;Josh Eppard
9757c09756fbed4cab9cd701455bd9bc;Joe Stote
e7ff0852d6f894d53b357e3a5cac5e77;Keith Emerson
e7ff0852d6f894d53b357e3a5cac5e77;Robert Berry
e7ff0852d6f894d53b357e3a5cac5e77;Carl Palmer
3e139af2ad7cae31b51baa376f6bffab;Keith Emerson
3e139af2ad7cae31b51baa376f6bffab;Greg Lake
3e139af2ad7cae31b51baa376f6bffab;Carl Palmer
d24d247ebf01a6af3e3aa96eb320b918;Dave Kerman
d24d247ebf01a6af3e3aa96eb320b918;Greg Conway
d24d247ebf01a6af3e3aa96eb320b918;Jon Beck
d24d247ebf01a6af3e3aa96eb320b918;Curt Wilson
d24d247ebf01a6af3e3aa96eb320b918;Sanjay Kumar
d24d247ebf01a6af3e3aa96eb320b918;Bob Drake
d24d247ebf01a6af3e3aa96eb320b918;Deborah Perry
d24d247ebf01a6af3e3aa96eb320b918;Udi Koomran
5562e421a73078c2b4452c87116d40bd;Eric Stewart
5562e421a73078c2b4452c87116d40bd;Lol Creme
5562e421a73078c2b4452c87116d40bd;Kevin Godley
5562e421a73078c2b4452c87116d40bd;Stuart Tosh
5562e421a73078c2b4452c87116d40bd;Tony O'Malley
5562e421a73078c2b4452c87116d40bd;Duncan Mackay
5562e421a73078c2b4452c87116d40bd;Vic Emerson
5562e421a73078c2b4452c87116d40bd;Jamie Lane
5562e421a73078c2b4452c87116d40bd;Steve Piggot
5562e421a73078c2b4452c87116d40bd;Gary Wallis
5562e421a73078c2b4452c87116d40bd;Geoff Dunn
5562e421a73078c2b4452c87116d40bd;Alan Park
5562e421a73078c2b4452c87116d40bd;Keith Hayman
9c9ee9821b1eb9f9d050a2cfd969daff;Lloyd Musto
9c9ee9821b1eb9f9d050a2cfd969daff;Shaz
6679bed2b3cc0402c44c1caaa92fe233;Michael Gunther
6679bed2b3cc0402c44c1caaa92fe233;Lutz Ulbrich
6679bed2b3cc0402c44c1caaa92fe233;Christopher Franke
6679bed2b3cc0402c44c1caaa92fe233;Lutz Ludwig Kramer
6679bed2b3cc0402c44c1caaa92fe233;Axel Genrich
6679bed2b3cc0402c44c1caaa92fe233;Jörg Schwenke
6679bed2b3cc0402c44c1caaa92fe233;Burghard Rausch
6679bed2b3cc0402c44c1caaa92fe233;Michael Hoenig
6679bed2b3cc0402c44c1caaa92fe233;Stefan Diaz
6679bed2b3cc0402c44c1caaa92fe233;Gustl Luetjens
340868ec597ed48577715cf25c02e635;See 
340868ec597ed48577715cf25c02e635;Personnel
baabec091ba2d7e00faebfa50e8a1d95;Teemu Hänninen
baabec091ba2d7e00faebfa50e8a1d95;Erno Haukkala
21da630f19dda9543c85451d69d23b75;Alan Parsons
21da630f19dda9543c85451d69d23b75;Eric Woolfson
04079295474b7230049e1007b4002392;Jack Shuster
04079295474b7230049e1007b4002392;Pablo Mayorga
04079295474b7230049e1007b4002392;Orlando Aguilar
04079295474b7230049e1007b4002392;Lenín Fernandez
a49a6ff788c09171586faada28e2ed28;David Pack
a49a6ff788c09171586faada28e2ed28;Rick Cowling
a49a6ff788c09171586faada28e2ed28;David C. Lewis
a49a6ff788c09171586faada28e2ed28;Royce Jones
a49a6ff788c09171586faada28e2ed28;Bruce Hornsby
a49a6ff788c09171586faada28e2ed28;Cliff Woolley
a49a6ff788c09171586faada28e2ed28;Tollak Ollestad
a49a6ff788c09171586faada28e2ed28;Shem Von Schroeck
a49a6ff788c09171586faada28e2ed28;Robert Berry
a8ece613bc117c189bab62c5ecad7dc5;Eleonora Romana Bauer
a8ece613bc117c189bab62c5ecad7dc5;Rainer Bauer
a8ece613bc117c189bab62c5ecad7dc5;Klaus Esser
a8ece613bc117c189bab62c5ecad7dc5;Angelika Filanda
a8ece613bc117c189bab62c5ecad7dc5;Helge Filanda
a8ece613bc117c189bab62c5ecad7dc5;Hansi Fischer
a8ece613bc117c189bab62c5ecad7dc5;Wolfgang Krischke
a8ece613bc117c189bab62c5ecad7dc5;Peter Leopold
a8ece613bc117c189bab62c5ecad7dc5;Ulrich Leopold
a8ece613bc117c189bab62c5ecad7dc5;Uschi Obermaier
a8ece613bc117c189bab62c5ecad7dc5;Chris Thiele
a8ece613bc117c189bab62c5ecad7dc5;John Weinzierl
61cf544e933f506d2c637746ddb3b886;Martin Thurn
61cf544e933f506d2c637746ddb3b886;Nicola Pankoff
61cf544e933f506d2c637746ddb3b886;Wolfgang Schoene
61cf544e933f506d2c637746ddb3b886;Hermann-Jurgen Nienhaus
61cf544e933f506d2c637746ddb3b886;Jutta Nienhaus
61cf544e933f506d2c637746ddb3b886;Rocco Abate
0ee3e81fa50989bf724309a5b6801670;Jon Anderson
0ee3e81fa50989bf724309a5b6801670;Bill Bruford
0ee3e81fa50989bf724309a5b6801670;Rick Wakeman
0ee3e81fa50989bf724309a5b6801670;Steve Howe
c8e971c7a09cf6cb2071cabd385352b4;Thomas Johnson
c8e971c7a09cf6cb2071cabd385352b4;Mattias Olsson
0813d6a8eaf0da6d9d4800bb88239e82;Uwe Karpa
0813d6a8eaf0da6d9d4800bb88239e82;Sascha Pavlovic
0813d6a8eaf0da6d9d4800bb88239e82;Hans Derer
0813d6a8eaf0da6d9d4800bb88239e82;Harald Bareth
0813d6a8eaf0da6d9d4800bb88239e82;Kono Konopik
0813d6a8eaf0da6d9d4800bb88239e82;Peter Schmidt
0813d6a8eaf0da6d9d4800bb88239e82;Goetz Steeger
0813d6a8eaf0da6d9d4800bb88239e82;Michael Braun
0813d6a8eaf0da6d9d4800bb88239e82;Andi Kemmer
0813d6a8eaf0da6d9d4800bb88239e82;Peter Kumpf
0813d6a8eaf0da6d9d4800bb88239e82;Raoul Walton
fd2bcc19d0a57b9ba1f8b8a6cc4302b9;Vangelis Papathanassiou
fd2bcc19d0a57b9ba1f8b8a6cc4302b9;Demis Roussos
fd2bcc19d0a57b9ba1f8b8a6cc4302b9;Loukas Sideras
fd2bcc19d0a57b9ba1f8b8a6cc4302b9;Silver Koulouris
8850265ddfb709e46172e8d7e063a8be;Eloy Fritsch
8850265ddfb709e46172e8d7e063a8be;Ruy Fritsch
8850265ddfb709e46172e8d7e063a8be;Chico Fasoli
8850265ddfb709e46172e8d7e063a8be;Adriano Menegazzo
8850265ddfb709e46172e8d7e063a8be;Chico Casara
8850265ddfb709e46172e8d7e063a8be;Magoo Wise
8850265ddfb709e46172e8d7e063a8be;Guto Basso
8850265ddfb709e46172e8d7e063a8be;Alberto Rasia Filho
8850265ddfb709e46172e8d7e063a8be;Deco
8850265ddfb709e46172e8d7e063a8be;Zezinho da Batera
8850265ddfb709e46172e8d7e063a8be;Fábio Schneider
8850265ddfb709e46172e8d7e063a8be;Rafael Schmitt
075ad18942fc77ef4f08bef8e97a0cda;Rod Argent
075ad18942fc77ef4f08bef8e97a0cda;Bob Henrit
075ad18942fc77ef4f08bef8e97a0cda;Jim Rodford
075ad18942fc77ef4f08bef8e97a0cda;Russ Ballard
075ad18942fc77ef4f08bef8e97a0cda;John Verity
075ad18942fc77ef4f08bef8e97a0cda;John Grimaldi
53545d054856d71603939ebdfe102f3b;Demetrio Stratos
53545d054856d71603939ebdfe102f3b;Giulio Capiozzo
53545d054856d71603939ebdfe102f3b;Eddie Busnello
53545d054856d71603939ebdfe102f3b;Leandro Gaetano
53545d054856d71603939ebdfe102f3b;Johnny Lambizzi
53545d054856d71603939ebdfe102f3b;Patrick Djivas
53545d054856d71603939ebdfe102f3b;Massimo Urbani
53545d054856d71603939ebdfe102f3b;Pietro Tonolo
53545d054856d71603939ebdfe102f3b;Sara Borsarini
53545d054856d71603939ebdfe102f3b;Guido Guidoboni
53545d054856d71603939ebdfe102f3b;Larry Nocella
53545d054856d71603939ebdfe102f3b;Paolo Dalla Porta
53545d054856d71603939ebdfe102f3b;Pietro Condorelli
53545d054856d71603939ebdfe102f3b;Angela Baggi
53545d054856d71603939ebdfe102f3b;Marco Micheli
007d96af867eeb624da58471d536c449;Keith More
007d96af867eeb624da58471d536c449;John Carson
007d96af867eeb624da58471d536c449;Cliff Orsi
007d96af867eeb624da58471d536c449;John Jowitt
007d96af867eeb624da58471d536c449;Paul Wrightson
007d96af867eeb624da58471d536c449;Ian Salmon
007d96af867eeb624da58471d536c449;Rob Sowden
8d410f277df20928d71908b816e0b133;Gel Newey
8d410f277df20928d71908b816e0b133;Hugh Edwards
8d410f277df20928d71908b816e0b133;Paul Rogers
8d410f277df20928d71908b816e0b133;Richard Deane
8d410f277df20928d71908b816e0b133;Gary Davis
8d410f277df20928d71908b816e0b133;Dave Robbins
ac56054cb85795329f5b21499b57897c;Keiko Thubata
ac56054cb85795329f5b21499b57897c;Kyoko Kanazawa
ac56054cb85795329f5b21499b57897c;Yumiko Saito
ac56054cb85795329f5b21499b57897c;Akiko Takahashi
ac56054cb85795329f5b21499b57897c;Naomi Miura
ac56054cb85795329f5b21499b57897c;Mika Nakajima
ac56054cb85795329f5b21499b57897c;Masuhiro Goto
b44b43e34d968495c02d1cc14824e443;Chris Cutler
b44b43e34d968495c02d1cc14824e443;Fred Frith
b44b43e34d968495c02d1cc14824e443;Dagmar Krause
2c9731b402f71a4c60167a315844a5bf;Fred Frith
2c9731b402f71a4c60167a315844a5bf;Tim Hodgkinson
2c9731b402f71a4c60167a315844a5bf;David Attwooll
2c9731b402f71a4c60167a315844a5bf;Rob Brooks
2c9731b402f71a4c60167a315844a5bf;Joss Grahame
2c9731b402f71a4c60167a315844a5bf;Andy Spooner
2c9731b402f71a4c60167a315844a5bf;Andy Powell
2c9731b402f71a4c60167a315844a5bf;John Greaves
2c9731b402f71a4c60167a315844a5bf;Sean Jenkins
2c9731b402f71a4c60167a315844a5bf;Martin Ditcham
2c9731b402f71a4c60167a315844a5bf;Chris Cutler
2c9731b402f71a4c60167a315844a5bf;Geoff Leigh
2c9731b402f71a4c60167a315844a5bf;Lindsay Cooper
2c9731b402f71a4c60167a315844a5bf;Peter Blegvad
2c9731b402f71a4c60167a315844a5bf;Anthony Moore
2c9731b402f71a4c60167a315844a5bf;Dagmar Krause
2c9731b402f71a4c60167a315844a5bf;Georgie Born
2c9731b402f71a4c60167a315844a5bf;Annemarie Roelofs
7f48b4bae2a4b5145c783e17d4056cab;Garry Galloway
da45bccb52b8cc43b40491ebdcdf7e16;Manuel Göttsching
da45bccb52b8cc43b40491ebdcdf7e16;Hartmut Enke
da45bccb52b8cc43b40491ebdcdf7e16;Klaus Schulze
da45bccb52b8cc43b40491ebdcdf7e16;Wolfgang Müller
da45bccb52b8cc43b40491ebdcdf7e16;Timothy Leary
da45bccb52b8cc43b40491ebdcdf7e16;Rosi Müller
c2d83b91117cd6bfd1d0435b553ad746;See: 
c2d83b91117cd6bfd1d0435b553ad746;Personnel
37811fa351250c9d5e4fea2090ea3b9c;Former members
e8218dab795dbb872217ffcc86e12212;See: 
e8218dab795dbb872217ffcc86e12212;Members
4fc636df9feb494bc2590647d0043881;Guest performers
293e4de067d9503216e1c3378a5490d6;Mario Neto
293e4de067d9503216e1c3378a5490d6;Sergio Villarim
293e4de067d9503216e1c3378a5490d6;Delto Simas
293e4de067d9503216e1c3378a5490d6;Marco Verrissimo
293e4de067d9503216e1c3378a5490d6;Márcus Moura
293e4de067d9503216e1c3378a5490d6;Mr. Paul
293e4de067d9503216e1c3378a5490d6;Jane Duboc
c85168d8ff152cc69b3b9edab39d1bcd;Colin Hodgkinson
c85168d8ff152cc69b3b9edab39d1bcd;Ron Aspery (deceased)
c85168d8ff152cc69b3b9edab39d1bcd;Tony Hicks (deceased)
c85168d8ff152cc69b3b9edab39d1bcd;Adrian Tilbrook
c85168d8ff152cc69b3b9edab39d1bcd;Dave McRae
fc3561fda4a6153bcce524c9f24a7bfd;List of Bad Religion band members
3c9938aae560533a362a3265b6e4fca2;Francesco Di Giacomo
3c9938aae560533a362a3265b6e4fca2;Gianni Nocenzi
3c9938aae560533a362a3265b6e4fca2;Claudio Falco
3c9938aae560533a362a3265b6e4fca2;Fabrizio Falco
3c9938aae560533a362a3265b6e4fca2;Franco Pontecorvi
3c9938aae560533a362a3265b6e4fca2;Marcello Todaro
3c9938aae560533a362a3265b6e4fca2;Renato D'Angelo
3c9938aae560533a362a3265b6e4fca2;Pierluigi Calderoni
3c9938aae560533a362a3265b6e4fca2;Gianni Colaiacomo
3c9938aae560533a362a3265b6e4fca2;Karl Potter
3c9938aae560533a362a3265b6e4fca2;it
35dc3960a821b666a47a3309797c11d1;Robert Plant
35dc3960a821b666a47a3309797c11d1;Chris Brown
35dc3960a821b666a47a3309797c11d1;Vernon Pereira
35dc3960a821b666a47a3309797c11d1;John Bonham
35dc3960a821b666a47a3309797c11d1;Paul Lockey
35dc3960a821b666a47a3309797c11d1;Kevyn Gammond
35dc3960a821b666a47a3309797c11d1;Dave Pegg
35dc3960a821b666a47a3309797c11d1;John Hill
35dc3960a821b666a47a3309797c11d1;John Kelsey
35dc3960a821b666a47a3309797c11d1;Mick Strode
35dc3960a821b666a47a3309797c11d1;Michael Chetwood
35dc3960a821b666a47a3309797c11d1;John Pasternak
35dc3960a821b666a47a3309797c11d1;Peter Robinson
35dc3960a821b666a47a3309797c11d1;Marco Giovino
35dc3960a821b666a47a3309797c11d1;Patty Griffin
35dc3960a821b666a47a3309797c11d1;Byron House
35dc3960a821b666a47a3309797c11d1;Buddy Miller
35dc3960a821b666a47a3309797c11d1;Darrell Scott
47f6a25fa47695815e0a87d035b8e08f;See "Former members"
d9bd11c8699ddbdee2210ffd8ce40f7c;Rikard Sjöblom
d9bd11c8699ddbdee2210ffd8ce40f7c;David Zackrisson
d9bd11c8699ddbdee2210ffd8ce40f7c;Gabriel Olsson
d9bd11c8699ddbdee2210ffd8ce40f7c;Petter Diamant
d9bd11c8699ddbdee2210ffd8ce40f7c;Magnus Östgren
d9bd11c8699ddbdee2210ffd8ce40f7c;Stefan Aronsson
d9bd11c8699ddbdee2210ffd8ce40f7c;Robert Hansen
bcce94c0bfd4ae160e2f312ab7b49056;Bill Nelson
bcce94c0bfd4ae160e2f312ab7b49056;Robert Bryan
bcce94c0bfd4ae160e2f312ab7b49056;Nicholas Chatterton-Dew
bcce94c0bfd4ae160e2f312ab7b49056;Ian Parkin
bcce94c0bfd4ae160e2f312ab7b49056;Richard Brown
bcce94c0bfd4ae160e2f312ab7b49056;Simon Fox
bcce94c0bfd4ae160e2f312ab7b49056;Paul Jeffreys
bcce94c0bfd4ae160e2f312ab7b49056;Milton Reame-James
bcce94c0bfd4ae160e2f312ab7b49056;Charlie Tumahai
bcce94c0bfd4ae160e2f312ab7b49056;Andrew Clark
46cc63b082dbfa8d63d426c275714c85;Will Goodyear
46cc63b082dbfa8d63d426c275714c85;Nicholas Shawn Fletcher
46cc63b082dbfa8d63d426c275714c85;Jason Schofield King
46cc63b082dbfa8d63d426c275714c85;Mark Edward Castillo
46cc63b082dbfa8d63d426c275714c85;Kevin Falk
46cc63b082dbfa8d63d426c275714c85;Shane Blay
46cc63b082dbfa8d63d426c275714c85;Jason Roe
4c28543458b423fd0aa546f64c4619a5;Ricky Gardiner
4c28543458b423fd0aa546f64c4619a5;Alan Park
4c28543458b423fd0aa546f64c4619a5;Raymond Wilson
4c28543458b423fd0aa546f64c4619a5;Martin Griffiths
4c28543458b423fd0aa546f64c4619a5;Marshall Erskine
4c28543458b423fd0aa546f64c4619a5;Gordon Sellar
4c28543458b423fd0aa546f64c4619a5;Pete Scott
4c28543458b423fd0aa546f64c4619a5;Linnie Paterson
4c28543458b423fd0aa546f64c4619a5;Virginia Scott
4c28543458b423fd0aa546f64c4619a5;Mike Travis
4c28543458b423fd0aa546f64c4619a5;Clem Cattini
d7803dd3da576fd766d0b89fa5f88da9;Martin Read
d7803dd3da576fd766d0b89fa5f88da9;Steve Hughes
d7803dd3da576fd766d0b89fa5f88da9;Ian Cooper
d7803dd3da576fd766d0b89fa5f88da9;Tony Müller
d7803dd3da576fd766d0b89fa5f88da9;Pete Hibbit
d7803dd3da576fd766d0b89fa5f88da9;Phil Hogg
d7803dd3da576fd766d0b89fa5f88da9;Sean Filkins
1825c8459459ca36c2e2d65a07d6a0dd;Richard Anton
1825c8459459ca36c2e2d65a07d6a0dd;Thom Sullivan
1825c8459459ca36c2e2d65a07d6a0dd;A.H.M. Butler-Jones
1825c8459459ca36c2e2d65a07d6a0dd;Steve "Froth" Frothingham
1825c8459459ca36c2e2d65a07d6a0dd;Ace Mark
27eb25aff80aae0c5ab8cf9a40210d9d;Claudio Canali
27eb25aff80aae0c5ab8cf9a40210d9d;Giuseppe Banfi
27eb25aff80aae0c5ab8cf9a40210d9d;Giuseppe Cossa
27eb25aff80aae0c5ab8cf9a40210d9d;Marco Mainetti
27eb25aff80aae0c5ab8cf9a40210d9d;Fausto Branchini
27eb25aff80aae0c5ab8cf9a40210d9d;Mauro Gnecchi
d5c9067e57075d6a3438642c018d6885;William Goldsmith
d5c9067e57075d6a3438642c018d6885;Franz Stahl
8eebfe4ec359e69ce8d3f202eff737c2;Steve Adams
8eebfe4ec359e69ce8d3f202eff737c2;Roger Miller
8eebfe4ec359e69ce8d3f202eff737c2;Martin Swope
13231254f934481e007d91abe0f26b33;See "Members"
8a99b0c75236d9934548c59c1bd18060;Clive Jones
8a99b0c75236d9934548c59c1bd18060;Gerry Taylor
8a99b0c75236d9934548c59c1bd18060;Kip Trevor
8a99b0c75236d9934548c59c1bd18060;Bob Bond
8a99b0c75236d9934548c59c1bd18060;Clive Box
8a99b0c75236d9934548c59c1bd18060;Kay Garrett
8a99b0c75236d9934548c59c1bd18060;Chris Dredge
8a99b0c75236d9934548c59c1bd18060;Jim Gannon
8a99b0c75236d9934548c59c1bd18060;Romeo Challenger
8a99b0c75236d9934548c59c1bd18060;Geoff Griffith
8a99b0c75236d9934548c59c1bd18060;John Culley
8a99b0c75236d9934548c59c1bd18060;Rick "E"
eacbccbff03b7387fa219d329574559d;Ron Bryer
eacbccbff03b7387fa219d329574559d;Wolfgang Paap
eacbccbff03b7387fa219d329574559d;Dawn Muir
eacbccbff03b7387fa219d329574559d;Carole Muriel
eacbccbff03b7387fa219d329574559d;Rolf Hug
eacbccbff03b7387fa219d329574559d;Martin Sacher
eacbccbff03b7387fa219d329574559d;Barni Palm
eacbccbff03b7387fa219d329574559d;Wilhelm Seefeldt
eacbccbff03b7387fa219d329574559d;Hans Deyssenroth
eacbccbff03b7387fa219d329574559d;Stephanie Wolff
52e6ebe4743f5f9c084a0fa6c5cb9b10;Bill Bruford
52e6ebe4743f5f9c084a0fa6c5cb9b10;David Torn
52e6ebe4743f5f9c084a0fa6c5cb9b10;Tony Levin
52e6ebe4743f5f9c084a0fa6c5cb9b10;Chris Botti
52aca75d78874b43932cf442ca84de14;Joseph Byrd
52aca75d78874b43932cf442ca84de14;Dorothy Moskowitz
52aca75d78874b43932cf442ca84de14;Michael Agnello
52aca75d78874b43932cf442ca84de14;Stuart Brotman
52aca75d78874b43932cf442ca84de14;Craig Woodson
52aca75d78874b43932cf442ca84de14;Gordon Marron
52aca75d78874b43932cf442ca84de14;Rand Forbes
52aca75d78874b43932cf442ca84de14;Ed Bogas
52aca75d78874b43932cf442ca84de14;Jeff Marinell
52aca75d78874b43932cf442ca84de14;Richard Grayson
52aca75d78874b43932cf442ca84de14;Carmie Simon
52aca75d78874b43932cf442ca84de14;Dennis Wood
52aca75d78874b43932cf442ca84de14;(Note: 
52aca75d78874b43932cf442ca84de14;Bold
52aca75d78874b43932cf442ca84de14; indicates members for album and tour.)
6d0b158de5c7bd3b9ebeafe8c1b35d63;Andy Ward
6d0b158de5c7bd3b9ebeafe8c1b35d63;Peter Bardens
6d0b158de5c7bd3b9ebeafe8c1b35d63;Doug Ferguson
6d0b158de5c7bd3b9ebeafe8c1b35d63;Mel Collins
6d0b158de5c7bd3b9ebeafe8c1b35d63;Richard Sinclair
6d0b158de5c7bd3b9ebeafe8c1b35d63;Jan Schelhaas
6d0b158de5c7bd3b9ebeafe8c1b35d63;Dave Sinclair
6d0b158de5c7bd3b9ebeafe8c1b35d63;Kit Watkins
6d0b158de5c7bd3b9ebeafe8c1b35d63;Chris Rainbow
6d0b158de5c7bd3b9ebeafe8c1b35d63;David Paton
6d0b158de5c7bd3b9ebeafe8c1b35d63;Paul Burgess
6d0b158de5c7bd3b9ebeafe8c1b35d63;Mickey Simmonds
6d0b158de5c7bd3b9ebeafe8c1b35d63;Guy LeBlanc
6d0b158de5c7bd3b9ebeafe8c1b35d63;Ton Scherpenzeel
81d38129e44dee39b10f345a41d2bb7c;Michael Karoli
81d38129e44dee39b10f345a41d2bb7c;Jaki Liebezeit
81d38129e44dee39b10f345a41d2bb7c;Irmin Schmidt
81d38129e44dee39b10f345a41d2bb7c;Holger Czukay
81d38129e44dee39b10f345a41d2bb7c;Malcolm Mooney
81d38129e44dee39b10f345a41d2bb7c;Damo Suzuki
81d38129e44dee39b10f345a41d2bb7c;David C. Johnson
81d38129e44dee39b10f345a41d2bb7c;Rosko Gee
81d38129e44dee39b10f345a41d2bb7c;Rebop Kwaku Baah
13a86bb06f1a025ef8598cc520b39ed8;Larry "Rhino" Reinhardt
13a86bb06f1a025ef8598cc520b39ed8;Lee Dorman
13a86bb06f1a025ef8598cc520b39ed8;Rod Evans
13a86bb06f1a025ef8598cc520b39ed8;Lewie Gold
13a86bb06f1a025ef8598cc520b39ed8;Guille Garcia
13a86bb06f1a025ef8598cc520b39ed8;Reese Wynans
13a86bb06f1a025ef8598cc520b39ed8;Brian Glascock
13a86bb06f1a025ef8598cc520b39ed8;Marty Rodriguez
13a86bb06f1a025ef8598cc520b39ed8;Jason Cahoon
13a86bb06f1a025ef8598cc520b39ed8;Willy Daffern
13a86bb06f1a025ef8598cc520b39ed8;Dan Frye
13a86bb06f1a025ef8598cc520b39ed8;Jimi Interval
13a86bb06f1a025ef8598cc520b39ed8;Steve Petrey
308712aa90c23a7afcc94f459a0ddea1;Richard Coughlan
308712aa90c23a7afcc94f459a0ddea1;Richard Sinclair
308712aa90c23a7afcc94f459a0ddea1;Dave Sinclair
308712aa90c23a7afcc94f459a0ddea1;Steve Miller
308712aa90c23a7afcc94f459a0ddea1;Derek Austin
308712aa90c23a7afcc94f459a0ddea1;Stuart Evans
308712aa90c23a7afcc94f459a0ddea1;John G. Perry
308712aa90c23a7afcc94f459a0ddea1;Mike Wedgwood
308712aa90c23a7afcc94f459a0ddea1;Dek Messecar
308712aa90c23a7afcc94f459a0ddea1;Doug Boyle
308712aa90c23a7afcc94f459a0ddea1;Simon Bentall
308712aa90c23a7afcc94f459a0ddea1;Jimmy Hastings
0bb1c23f4fda13a694d890f928d2b2bf;Sarah Smith
0bb1c23f4fda13a694d890f928d2b2bf;Michael Pugh
0bb1c23f4fda13a694d890f928d2b2bf;Peter Tagg
0bb1c23f4fda13a694d890f928d2b2bf;Colvin Mayers
0bb1c23f4fda13a694d890f928d2b2bf;Ralph Cade
0bb1c23f4fda13a694d890f928d2b2bf;Mark Cawthra
0bb1c23f4fda13a694d890f928d2b2bf;William D. Drake
0bb1c23f4fda13a694d890f928d2b2bf;Graham Simmonds
0bb1c23f4fda13a694d890f928d2b2bf;Marguerite Johnson
0bb1c23f4fda13a694d890f928d2b2bf;Christian Hayes
0bb1c23f4fda13a694d890f928d2b2bf;Jon Poole
0bb1c23f4fda13a694d890f928d2b2bf;Sharron Fortnam
0bb1c23f4fda13a694d890f928d2b2bf;Clare Lemmon
0bb1c23f4fda13a694d890f928d2b2bf;Dawn Staple
afd3898320b55ba9b220f1eed3f92a60;David Clark Allen
afd3898320b55ba9b220f1eed3f92a60;Angela Allen
afd3898320b55ba9b220f1eed3f92a60;Brian Glascock
afd3898320b55ba9b220f1eed3f92a60;Dennis Trerotola
afd3898320b55ba9b220f1eed3f92a60;Adam Moody
afd3898320b55ba9b220f1eed3f92a60;Mark Moody
afd3898320b55ba9b220f1eed3f92a60;Vicente
afd3898320b55ba9b220f1eed3f92a60;Roberto Amaral
afd3898320b55ba9b220f1eed3f92a60;Rick Chavez
afd3898320b55ba9b220f1eed3f92a60;Mark Anthony
afd3898320b55ba9b220f1eed3f92a60;Nigel Griggs
afd3898320b55ba9b220f1eed3f92a60;John Glascock
afd3898320b55ba9b220f1eed3f92a60;Paul Fenton
03aa7e2de9f389a83cf037ead919d56f;Lee Dorrian
03aa7e2de9f389a83cf037ead919d56f;Garry Jennings
03aa7e2de9f389a83cf037ead919d56f;Brian Dixon
03aa7e2de9f389a83cf037ead919d56f;Scott Carlson
03aa7e2de9f389a83cf037ead919d56f;Adam Lehan
03aa7e2de9f389a83cf037ead919d56f;Mark Griffiths
03aa7e2de9f389a83cf037ead919d56f;Ben Mochrie
03aa7e2de9f389a83cf037ead919d56f;Mike Smail
03aa7e2de9f389a83cf037ead919d56f;Mark Ramsey Wharton
03aa7e2de9f389a83cf037ead919d56f;Leo Smee
ebc4038c69593582c9c064e1af17e224;Danny Seraphine
ebc4038c69593582c9c064e1af17e224;Peter Cetera
ebc4038c69593582c9c064e1af17e224;Terry Kath
ebc4038c69593582c9c064e1af17e224;Laudir de Oliveira
ebc4038c69593582c9c064e1af17e224;Donnie Dacus
ebc4038c69593582c9c064e1af17e224;Chris Pinnick
ebc4038c69593582c9c064e1af17e224;Bill Champlin
ebc4038c69593582c9c064e1af17e224;Jason Scheff
ebc4038c69593582c9c064e1af17e224;Dawayne Bailey
ebc4038c69593582c9c064e1af17e224;Drew Hester
ebc4038c69593582c9c064e1af17e224;Daniel de los Reyes
3756bd53729396c45fbc36627bc6c22b;Craig Owens
3756bd53729396c45fbc36627bc6c22b;Bradley Bell
3756bd53729396c45fbc36627bc6c22b;Pat McManaman
3756bd53729396c45fbc36627bc6c22b;Jason Hale
3756bd53729396c45fbc36627bc6c22b;Tanner Wayne
3756bd53729396c45fbc36627bc6c22b;Brandon Bolmer
3756bd53729396c45fbc36627bc6c22b;Matt Goddard
3756bd53729396c45fbc36627bc6c22b;Derrick Frost
3756bd53729396c45fbc36627bc6c22b;Thomas Erak
ad9b3e2c005773347bb848ed8bc91911;Jimmy Haun
ad9b3e2c005773347bb848ed8bc91911;Alan White
ad9b3e2c005773347bb848ed8bc91911;Jay Schellen
ad9b3e2c005773347bb848ed8bc91911;Ronnie Ciago
ad9b3e2c005773347bb848ed8bc91911;Johnny Bruhns
5c659b654b46d1d3353bd17c41fda00e;Cyrille Verdeaux
5c659b654b46d1d3353bd17c41fda00e;(and many others)
ed30478ef5810cc7c47149a32788d6b4;Hans-Joachim Roedelius
ed30478ef5810cc7c47149a32788d6b4;Dieter Moebius
ed30478ef5810cc7c47149a32788d6b4;Conny Plank
242b9b81c73a86c6951ccdd2d57dcc71;Jon Carleo
242b9b81c73a86c6951ccdd2d57dcc71;Nate Kelley
242b9b81c73a86c6951ccdd2d57dcc71;Mic Todd
242b9b81c73a86c6951ccdd2d57dcc71;Chris Pennie
05cdcede881ba18eb671b2348b7e93de;Dick Heckstall-Smith
05cdcede881ba18eb671b2348b7e93de;Tony Reeves
05cdcede881ba18eb671b2348b7e93de;Jim Roche
05cdcede881ba18eb671b2348b7e93de;James Litherland
05cdcede881ba18eb671b2348b7e93de;Louis Cennamo
4c3cdcf3eebac217fb7ffd9d2b5613b2;Joe Macre : Bass Guitar
4c3cdcf3eebac217fb7ffd9d2b5613b2;Jim Griffiths : Lead Guitar
4c3cdcf3eebac217fb7ffd9d2b5613b2;Vince DePaul : Keyboards
4c3cdcf3eebac217fb7ffd9d2b5613b2;Gary Lee Chapell : Vocals
4c3cdcf3eebac217fb7ffd9d2b5613b2;Rob Stevens : Keyboards
4c3cdcf3eebac217fb7ffd9d2b5613b2;John Tracey : Drums
4c3cdcf3eebac217fb7ffd9d2b5613b2;Carey Ziegler : Bass Guitar
4c3cdcf3eebac217fb7ffd9d2b5613b2;Sonny Petrosky : Bass Guitar
4c3cdcf3eebac217fb7ffd9d2b5613b2;Michael Taylor : Guitar
4c3cdcf3eebac217fb7ffd9d2b5613b2;Barry Siegfried : Guitar
4c3cdcf3eebac217fb7ffd9d2b5613b2;Jamie LaRitz : Lead Guitar
4c3cdcf3eebac217fb7ffd9d2b5613b2;Nat Kerr : Keyboards
487727deab01d5f5539a7234e8f14471;Angus Cullen
487727deab01d5f5539a7234e8f14471;Kevin McCarthy
487727deab01d5f5539a7234e8f14471;Iain Clark
487727deab01d5f5539a7234e8f14471;John Heyworth
487727deab01d5f5539a7234e8f14471;Lol Coker
487727deab01d5f5539a7234e8f14471;Peter Jennings
487727deab01d5f5539a7234e8f14471;John Culley
a911d57ac980470e9bf59e4cabf206d2;Darryl Way
a911d57ac980470e9bf59e4cabf206d2;Francis Monkman
a911d57ac980470e9bf59e4cabf206d2;Rob Martin
a911d57ac980470e9bf59e4cabf206d2;Ian Eyre
a911d57ac980470e9bf59e4cabf206d2;Mike Wedgwood
a911d57ac980470e9bf59e4cabf206d2;Eddie Jobson
a911d57ac980470e9bf59e4cabf206d2;Jim Russell
a911d57ac980470e9bf59e4cabf206d2;Phil Kohn
a911d57ac980470e9bf59e4cabf206d2;Stewart Copeland
a911d57ac980470e9bf59e4cabf206d2;Mick Jacques
a911d57ac980470e9bf59e4cabf206d2;Barry de Souza
a911d57ac980470e9bf59e4cabf206d2;Tony Reeves
a911d57ac980470e9bf59e4cabf206d2;Alex Richman
a911d57ac980470e9bf59e4cabf206d2;Andy Christie
a911d57ac980470e9bf59e4cabf206d2;Kit Morgan
d79b70c76c49f3d99459cc4d14cd55a9;Sean Reinert
d79b70c76c49f3d99459cc4d14cd55a9;Jack Kelly
d79b70c76c49f3d99459cc4d14cd55a9;Mark Van Erp
d79b70c76c49f3d99459cc4d14cd55a9;Jason Gobel
d79b70c76c49f3d99459cc4d14cd55a9;Tony Choy
d79b70c76c49f3d99459cc4d14cd55a9;Tony Teegarden
d79b70c76c49f3d99459cc4d14cd55a9;Santiago Dobles
d79b70c76c49f3d99459cc4d14cd55a9;Chris Kringel
d79b70c76c49f3d99459cc4d14cd55a9;David Senescu
d79b70c76c49f3d99459cc4d14cd55a9;Tymon Kruidenier
d79b70c76c49f3d99459cc4d14cd55a9;Robin Zielhorst
e981aef3c5e0d33bcd19cbf08bca37ec;Paul Erikson
e981aef3c5e0d33bcd19cbf08bca37ec;Simon Monroe
e981aef3c5e0d33bcd19cbf08bca37ec;James Pinker
e981aef3c5e0d33bcd19cbf08bca37ec;Scott Rodger
e981aef3c5e0d33bcd19cbf08bca37ec;Peter Ulrich
0d17408939039ea9c694172bdde91ee7;Luke Dent
0d17408939039ea9c694172bdde91ee7;Sam Dent
0d17408939039ea9c694172bdde91ee7;Sagan Jacobson
0d17408939039ea9c694172bdde91ee7;Nate Patterson
0d17408939039ea9c694172bdde91ee7;Erick Serna
0d17408939039ea9c694172bdde91ee7;Andy Wildrick
0d17408939039ea9c694172bdde91ee7;Josh Rheault
0d17408939039ea9c694172bdde91ee7;Connor Doyle
0d17408939039ea9c694172bdde91ee7;Andrew Brown
2bc1b725db67d3aa737ac694c4853357;List
a186c62e308a89dc3fe10ddb95a6c7ec;See list
fe178eaf38e6506e14f80617432046bf;Brad Buszard
fe178eaf38e6506e14f80617432046bf;Dave Krofchok
fe178eaf38e6506e14f80617432046bf;Woody Saunders
fe178eaf38e6506e14f80617432046bf;Don Bakerian
2193f1a8b399d9089394b6145d041e87;Yuri Alaverdyan
2193f1a8b399d9089394b6145d041e87; (guitar) (1999 2002
2193f1a8b399d9089394b6145d041e87; 2004)
2193f1a8b399d9089394b6145d041e87;Sergey Bagin
2193f1a8b399d9089394b6145d041e87; (guitar) (2004 2015)
032b1d7f64911f67ff638f88fa8ebc0a;Rob Clearfield
032b1d7f64911f67ff638f88fa8ebc0a;Patrick Mulcahy
032b1d7f64911f67ff638f88fa8ebc0a;Sam Krahn
f64536a8f25d39c735b97c6ee7efd2c7;Mike Portnoy
f64536a8f25d39c735b97c6ee7efd2c7;Chris Collins
f64536a8f25d39c735b97c6ee7efd2c7;Kevin Moore
f64536a8f25d39c735b97c6ee7efd2c7;Charlie Dominici
f64536a8f25d39c735b97c6ee7efd2c7;Derek Sherinian
13695f42db67ee1fc3d5656b42853a75;Neil Brewer
13695f42db67ee1fc3d5656b42853a75;Cedric Sharpley
13695f42db67ee1fc3d5656b42853a75;Dane Stevens
13695f42db67ee1fc3d5656b42853a75;Andrew McCrorie-Shand
5102a769510bbb39482e9d6f9df5bcf4;Fredrik Björling
08314c14df838e52ef6df355f935295d;Gerard Koerts
08314c14df838e52ef6df355f935295d;Chris Koerts
08314c14df838e52ef6df355f935295d;Hans Ziech
08314c14df838e52ef6df355f935295d;Cees Kalis
08314c14df838e52ef6df355f935295d;Manuela Berloth
08314c14df838e52ef6df355f935295d;Jerney Kaagman
08314c14df838e52ef6df355f935295d;Ton van der Kleij
08314c14df838e52ef6df355f935295d;Theo Hurts
08314c14df838e52ef6df355f935295d;Bert Ruiter
08314c14df838e52ef6df355f935295d;Ab Tamboer
08314c14df838e52ef6df355f935295d;Johan Slager
08314c14df838e52ef6df355f935295d;Ronnie Meyjes
08314c14df838e52ef6df355f935295d;Age Kat
08314c14df838e52ef6df355f935295d;Jons Pistoor
08314c14df838e52ef6df355f935295d;Ton Scherpenzeel
08314c14df838e52ef6df355f935295d;Mark Stoop
d6073ce61ae906c00a05a565e881f3e1;Jesse Reyes
d6073ce61ae906c00a05a565e881f3e1;Jordan Perlson
d8b8c27aeb2dea322bf89705f04ca2d4;Mick Pointer
d8b8c27aeb2dea322bf89705f04ca2d4;Brian Jelliman
d8b8c27aeb2dea322bf89705f04ca2d4;Doug Irvine
d8b8c27aeb2dea322bf89705f04ca2d4;Fish
d8b8c27aeb2dea322bf89705f04ca2d4;Diz Minnitt
d8b8c27aeb2dea322bf89705f04ca2d4;Andy Ward
d8b8c27aeb2dea322bf89705f04ca2d4;John 'Martyr' Marter
d8b8c27aeb2dea322bf89705f04ca2d4;Jonathan Mover
6c646f41c385dfb67de01439e0d48576;Dave Stewart
6c646f41c385dfb67de01439e0d48576;Mont Campbell
6c646f41c385dfb67de01439e0d48576;Clive Brooks
52517f68e829682c25e6fcf0af24aa14;Personnel
6b4ea83e3dd9b30b6f1cb032c0238071;See 
6b4ea83e3dd9b30b6f1cb032c0238071;members section
34d76c454bb7ed2b46e0532c24344dd7;Erich Schriever
34d76c454bb7ed2b46e0532c24344dd7;Manfred Wieczorke
34d76c454bb7ed2b46e0532c24344dd7;Helmut Draht
34d76c454bb7ed2b46e0532c24344dd7; (deceased)
34d76c454bb7ed2b46e0532c24344dd7;Wolfgang Stöcker
34d76c454bb7ed2b46e0532c24344dd7;Fritz Randow
34d76c454bb7ed2b46e0532c24344dd7;Luitjen Jansen
34d76c454bb7ed2b46e0532c24344dd7; (deceased)
34d76c454bb7ed2b46e0532c24344dd7;Detlef "Pitter" Schwaar
34d76c454bb7ed2b46e0532c24344dd7;Detlev Schmidtchen
34d76c454bb7ed2b46e0532c24344dd7;Jürgen Rosenthal
34d76c454bb7ed2b46e0532c24344dd7;Hannes Arkona
34d76c454bb7ed2b46e0532c24344dd7;Jim McGillivray
20bbbefbd0462936af590b489b93e91c;Keith Emerson
20bbbefbd0462936af590b489b93e91c;Greg Lake
20bbbefbd0462936af590b489b93e91c;Cozy Powell
98195525cda663bf9c6613221fd71197;Paul Craddick
98195525cda663bf9c6613221fd71197;Michael "Benignus" Geimer
98195525cda663bf9c6613221fd71197;Phil Bennett
98195525cda663bf9c6613221fd71197;Brian Cline
d5700c4079df8cf6f533209e510610e0;Martin Henderson
d5700c4079df8cf6f533209e510610e0;Frank Holland
d5700c4079df8cf6f533209e510610e0;Jode Leigh
d5700c4079df8cf6f533209e510610e0;Robert Webb
d5700c4079df8cf6f533209e510610e0;Mark Ibbotson
d5700c4079df8cf6f533209e510610e0;Jaffa Peckham
d5700c4079df8cf6f533209e510610e0;Jamie Moses
c3c64ddbe339ac274a6c114c5e193df2;See: 
c3c64ddbe339ac274a6c114c5e193df2;Former members
5a5ccb08908d5c185a1ca6e5a90adacd;Katerina "Kotya" Zinich
5a5ccb08908d5c185a1ca6e5a90adacd; (vocals) (2006 2010)
5a5ccb08908d5c185a1ca6e5a90adacd;Michael "Kotovsky" Finagin
5a5ccb08908d5c185a1ca6e5a90adacd; (double bass) (2003 2004)
5a5ccb08908d5c185a1ca6e5a90adacd;Anton Kochurkin
5a5ccb08908d5c185a1ca6e5a90adacd; (Flute)(2003 2004)
5a5ccb08908d5c185a1ca6e5a90adacd;Timur Pirogov
5a5ccb08908d5c185a1ca6e5a90adacd; (bass) (2007 2008)
5a5ccb08908d5c185a1ca6e5a90adacd;Gregory Sandomirsky
5a5ccb08908d5c185a1ca6e5a90adacd; (keyboards) (2007 2008)
a1a8090ce7c385b2c9d31b123e8fdf01;John "Charlie" Whitney
a1a8090ce7c385b2c9d31b123e8fdf01;Jim King
a1a8090ce7c385b2c9d31b123e8fdf01;Ric Grech
a1a8090ce7c385b2c9d31b123e8fdf01;Harry Ovenall
a1a8090ce7c385b2c9d31b123e8fdf01;John Weider
a1a8090ce7c385b2c9d31b123e8fdf01;John Wetton
a1a8090ce7c385b2c9d31b123e8fdf01;Tony Ashton
4f51e957432138dbeb17ac00ecff48f3;Victor Arduini
4f51e957432138dbeb17ac00ecff48f3;John Arch
4f51e957432138dbeb17ac00ecff48f3;Joe DiBiase
4f51e957432138dbeb17ac00ecff48f3;Steve Zimmerman
4f51e957432138dbeb17ac00ecff48f3;Mark Zonder
3d07ad702e48b3be26f86c8459eeaaf4;Hans Joachim Irmler
3d07ad702e48b3be26f86c8459eeaaf4;Rudolf Sosna
3d07ad702e48b3be26f86c8459eeaaf4;Gunther Wüsthoff
3d07ad702e48b3be26f86c8459eeaaf4;Arnulf Meifert
2c6b627ac8fce01d6d1d5d970ce2d272;Joop van Nimwegen
2c6b627ac8fce01d6d1d5d970ce2d272; Peter Vink
2c6b627ac8fce01d6d1d5d970ce2d272; Beer Klaasse
2c6b627ac8fce01d6d1d5d970ce2d272; Paul Vink
2c6b627ac8fce01d6d1d5d970ce2d272; Cleem Determeijer
2c6b627ac8fce01d6d1d5d970ce2d272; Ad Wammes
2c6b627ac8fce01d6d1d5d970ce2d272; Hans Bosboom
2c6b627ac8fce01d6d1d5d970ce2d272; Fred van Vloten. 
2c6b627ac8fce01d6d1d5d970ce2d272;Members Roadcrew
2c6b627ac8fce01d6d1d5d970ce2d272;: Nico Starlight Oorebeek
2c6b627ac8fce01d6d1d5d970ce2d272; Ronald Sickens de Wal
2c6b627ac8fce01d6d1d5d970ce2d272; Robert-Jan ten Thy
2c6b627ac8fce01d6d1d5d970ce2d272; John Mulder
2c6b627ac8fce01d6d1d5d970ce2d272; Harry van de Schans
2c6b627ac8fce01d6d1d5d970ce2d272; Leo de Smits
6a2cbbc3af54381169f3e975158e36a4;Peter Banks
6a2cbbc3af54381169f3e975158e36a4;Colin Carter
6a2cbbc3af54381169f3e975158e36a4;Ray Bennett
6a2cbbc3af54381169f3e975158e36a4;Mike Hough
fd661af23dfd5a5148c398ed3acf65dc;Jaime Salazar
fd661af23dfd5a5148c398ed3acf65dc;Michael Stolt
fd661af23dfd5a5148c398ed3acf65dc;Zoltan Csörsz
fd661af23dfd5a5148c398ed3acf65dc;Daniel Gildenlöw
fd661af23dfd5a5148c398ed3acf65dc;Marcus Liliequist
fd661af23dfd5a5148c398ed3acf65dc;Ola Heden
fd661af23dfd5a5148c398ed3acf65dc;Erik Hammarström
99250be6a102b7c9c19b13f843ec6f4a;Nash the Slash
99250be6a102b7c9c19b13f843ec6f4a;Martin Deller
99250be6a102b7c9c19b13f843ec6f4a;Ben Mink
99250be6a102b7c9c19b13f843ec6f4a;Simon Brierly
99250be6a102b7c9c19b13f843ec6f4a;Greg Critchley
99250be6a102b7c9c19b13f843ec6f4a;Randy Cooke
99250be6a102b7c9c19b13f843ec6f4a;Martin Shaw
99250be6a102b7c9c19b13f843ec6f4a;Paul Marangoni
99250be6a102b7c9c19b13f843ec6f4a;Claudio Vena
99250be6a102b7c9c19b13f843ec6f4a;Ivana Popovic
707675d208c6fad67e18a7640fc3a730;Andrew Mara-Novik
707675d208c6fad67e18a7640fc3a730;Vladimir Badirov
707675d208c6fad67e18a7640fc3a730;Surat Kasimov
707675d208c6fad67e18a7640fc3a730;Ali Izmailov
707675d208c6fad67e18a7640fc3a730;Igor Elizov
a12b9c4c99075127fe73298d1e0a87f8;John Jowitt
a12b9c4c99075127fe73298d1e0a87f8;Andy Edwards
a12b9c4c99075127fe73298d1e0a87f8;John Boyes
a12b9c4c99075127fe73298d1e0a87f8;Declan Burke
4aa42fdf0202a36b70dc4efc0297bc69;Inga Rumpf
4aa42fdf0202a36b70dc4efc0297bc69;de
4aa42fdf0202a36b70dc4efc0297bc69;Jean-Jacques Kravetz
4aa42fdf0202a36b70dc4efc0297bc69;Rainer Baumann
4aa42fdf0202a36b70dc4efc0297bc69;de
4aa42fdf0202a36b70dc4efc0297bc69;Karl-Heinz Schott
4aa42fdf0202a36b70dc4efc0297bc69;Carsten Bohn
4aa42fdf0202a36b70dc4efc0297bc69;Erwin Kama
4aa42fdf0202a36b70dc4efc0297bc69;Thomas (Carola) Kretschmer
8f647a3ec8614ba0e2fbea93825a7b66;Vincent McCusker
8f647a3ec8614ba0e2fbea93825a7b66;Peter Farrelly
8f647a3ec8614ba0e2fbea93825a7b66;Stephen Houston
8f647a3ec8614ba0e2fbea93825a7b66;Martin Foye
8f647a3ec8614ba0e2fbea93825a7b66;John Mason
3bb8ec676c8c23caf7717506fab96bb1;Aleksandar Baharov
3bb8ec676c8c23caf7717506fab96bb1;Peter Slavov
3bb8ec676c8c23caf7717506fab96bb1;Ivaylo Kraychovski
a1acc69cbc7a24d990931af02223910d;Dave Bell
a1acc69cbc7a24d990931af02223910d;Dave Cowell
a1acc69cbc7a24d990931af02223910d;Colin Dawson
a1acc69cbc7a24d990931af02223910d;Stan Land
a1acc69cbc7a24d990931af02223910d;Jill Saward
a1acc69cbc7a24d990931af02223910d;See also: 
a1acc69cbc7a24d990931af02223910d;Personnel
9ce06c2370afde533b10bdc7cd724192;Peter Gabriel
9ce06c2370afde533b10bdc7cd724192;Anthony Phillips
9ce06c2370afde533b10bdc7cd724192;Chris Stewart
9ce06c2370afde533b10bdc7cd724192;John Silver
9ce06c2370afde533b10bdc7cd724192;John Mayhew
9ce06c2370afde533b10bdc7cd724192;Mick Barnard
9ce06c2370afde533b10bdc7cd724192;Steve Hackett
9ce06c2370afde533b10bdc7cd724192;Ray Wilson
1189003bc2758664c589416ddeb30068;Lee Abraham
1189003bc2758664c589416ddeb30068;Mark Andrews
1189003bc2758664c589416ddeb30068;Karl Garrett
1189003bc2758664c589416ddeb30068;Mike Hewetson
1189003bc2758664c589416ddeb30068;Nick Hodgson
1189003bc2758664c589416ddeb30068;Mike Hooker
1189003bc2758664c589416ddeb30068;Roy Keyworth
1189003bc2758664c589416ddeb30068;Mike Kneller
1189003bc2758664c589416ddeb30068;Pat McCann
1189003bc2758664c589416ddeb30068;John O’Callaghan
1189003bc2758664c589416ddeb30068;Paddy O’Callaghan
1189003bc2758664c589416ddeb30068;Steve Pearson
1189003bc2758664c589416ddeb30068;Neil Pepper
1189003bc2758664c589416ddeb30068;Mark Spencer
1189003bc2758664c589416ddeb30068;Peter Wallbridge
1189003bc2758664c589416ddeb30068;Paul Watts
1189003bc2758664c589416ddeb30068;Craig Wilson
2c99231706065b363a898c3bed2e30b6;Robert R Johanson
2c99231706065b363a898c3bed2e30b6;Roy Funner
2c99231706065b363a898c3bed2e30b6;Geir Digernes
9fa536fcb4b285846d880a0fc4555e03;Gary Green
9fa536fcb4b285846d880a0fc4555e03;Kerry Minnear
9fa536fcb4b285846d880a0fc4555e03;Derek Shulman
9fa536fcb4b285846d880a0fc4555e03;Phil Shulman
9fa536fcb4b285846d880a0fc4555e03;Ray Shulman
9fa536fcb4b285846d880a0fc4555e03;Martin Smith
9fa536fcb4b285846d880a0fc4555e03;Malcolm Mortimore
9fa536fcb4b285846d880a0fc4555e03;John Weathers
5893aaac6a305d34dbd747a045d954a6;Alan Gowen
5893aaac6a305d34dbd747a045d954a6;Mike Travis
5893aaac6a305d34dbd747a045d954a6;Jeff Clyne
5893aaac6a305d34dbd747a045d954a6;Phil Lee
5893aaac6a305d34dbd747a045d954a6;Neil Murray
5893aaac6a305d34dbd747a045d954a6;Mont Campbell
5893aaac6a305d34dbd747a045d954a6;Hugh Hopper
5893aaac6a305d34dbd747a045d954a6;Trevor Tomkins
5893aaac6a305d34dbd747a045d954a6;Richard Sinclair
1a94e994169672aa2ab0f03e1eb0dec8;Michelle Young
1a94e994169672aa2ab0f03e1eb0dec8;Walter Moore
0317c99d7d926a7a9cf50f39dc969ac3;Fred van der Hilst
0317c99d7d926a7a9cf50f39dc969ac3;Hans van Herwerden
0317c99d7d926a7a9cf50f39dc969ac3;Peter de Ronde
0317c99d7d926a7a9cf50f39dc969ac3;Frans Krassenburg
0317c99d7d926a7a9cf50f39dc969ac3;Jaap Eggermont
0317c99d7d926a7a9cf50f39dc969ac3;Sieb Warner
0317c99d7d926a7a9cf50f39dc969ac3;Bertus Borgers
0317c99d7d926a7a9cf50f39dc969ac3;Eelco Gelling
0317c99d7d926a7a9cf50f39dc969ac3;Robert Jan Stips
0317c99d7d926a7a9cf50f39dc969ac3;John Legrand
0317c99d7d926a7a9cf50f39dc969ac3;Philip van Boom
90b701cedf6dce25650b71bc8865850f;See article
11763c7f318f8c097aaaf99117f88d28;Past members
78a0cbc58cf24f79a2dbacb0e8704032;Dave Lawson
78a0cbc58cf24f79a2dbacb0e8704032;Andrew McCulloch
78a0cbc58cf24f79a2dbacb0e8704032;Martin Briley
78a0cbc58cf24f79a2dbacb0e8704032; Mick Rogers
78a0cbc58cf24f79a2dbacb0e8704032; Dave Markee
78a0cbc58cf24f79a2dbacb0e8704032; Simon Phillips
78a0cbc58cf24f79a2dbacb0e8704032; John Young
78a0cbc58cf24f79a2dbacb0e8704032;John Trotter
78a0cbc58cf24f79a2dbacb0e8704032; James Gambold
14ca37ac49f22ceec307405fa13050a3;Eroc
14ca37ac49f22ceec307405fa13050a3; (Joachim Ehrig)
14ca37ac49f22ceec307405fa13050a3;Lupo
14ca37ac49f22ceec307405fa13050a3; (Gerd Otto Kühn)
14ca37ac49f22ceec307405fa13050a3;Mist
14ca37ac49f22ceec307405fa13050a3; (Volker Kahrs)
14ca37ac49f22ceec307405fa13050a3;Willi Wildschwein
14ca37ac49f22ceec307405fa13050a3; (Stefan Danielak)
14ca37ac49f22ceec307405fa13050a3;Popo
14ca37ac49f22ceec307405fa13050a3; (Wolfgang Jäger)
14ca37ac49f22ceec307405fa13050a3;Toni Moff Mollo
14ca37ac49f22ceec307405fa13050a3; (Rainer Loskand)
14ca37ac49f22ceec307405fa13050a3;Milla Kapolke
4350a62f73e232c69120cfd6dac73874;Hans Reffert
4350a62f73e232c69120cfd6dac73874;Uli Trepte
4350a62f73e232c69120cfd6dac73874;Eddy Naegeli
4350a62f73e232c69120cfd6dac73874;Jim Kennedy
4350a62f73e232c69120cfd6dac73874;Ax Genrich
4350a62f73e232c69120cfd6dac73874;Bruno Schaab
4350a62f73e232c69120cfd6dac73874;Conny Veit
4350a62f73e232c69120cfd6dac73874;Hans Hartmann
4350a62f73e232c69120cfd6dac73874;Houschaeng Nejadepour
4350a62f73e232c69120cfd6dac73874;Jogi Karpenkiel
4350a62f73e232c69120cfd6dac73874;Josef Jandrisits
4350a62f73e232c69120cfd6dac73874;Butze Fischer
4350a62f73e232c69120cfd6dac73874;Hellmut Hattler
4350a62f73e232c69120cfd6dac73874;Dieter Bornschlegel
4350a62f73e232c69120cfd6dac73874;Peter Wolbrandt
4350a62f73e232c69120cfd6dac73874;Erwin Ditzner
4350a62f73e232c69120cfd6dac73874;Barbara Lahr
4350a62f73e232c69120cfd6dac73874;Uli Zuefle
4350a62f73e232c69120cfd6dac73874;Razem Ruebel
4350a62f73e232c69120cfd6dac73874;Luigi Archetti
48564ec90ec93eb17c17f5d548f1e3f7;Thomas MacLean
48564ec90ec93eb17c17f5d548f1e3f7;Matthew Marshall
48564ec90ec93eb17c17f5d548f1e3f7;Peter Jones
fe9d2bca63b651b8d02903e991fee6b8;Mike Beck
fe9d2bca63b651b8d02903e991fee6b8;Cliff Fortney
fe9d2bca63b651b8d02903e991fee6b8;David Bach
fe9d2bca63b651b8d02903e991fee6b8;Kit Watkins
fe9d2bca63b651b8d02903e991fee6b8;Dan Owen
fe9d2bca63b651b8d02903e991fee6b8;Ron Riddle
fe9d2bca63b651b8d02903e991fee6b8;Coco Roussel
86a80147a7033a34e1f49b33f666aab6;Michel Normandeau
86a80147a7033a34e1f49b33f666aab6;Pierre Daigneault
86a80147a7033a34e1f49b33f666aab6;Jeff Fisher
86a80147a7033a34e1f49b33f666aab6;Serge Fiori
86a80147a7033a34e1f49b33f666aab6;Louis Valois
86a80147a7033a34e1f49b33f666aab6;Serge Locat
86a80147a7033a34e1f49b33f666aab6;Robert Stanley
86a80147a7033a34e1f49b33f666aab6;Denis Farmer
86a80147a7033a34e1f49b33f666aab6;Libert Subirana
86a80147a7033a34e1f49b33f666aab6;Monique Fauteux
c59c9e8e7f15854ab475f76751b4a95e;Phil Miller
c59c9e8e7f15854ab475f76751b4a95e;Pip Pyle
c59c9e8e7f15854ab475f76751b4a95e;Richard Sinclair
c59c9e8e7f15854ab475f76751b4a95e;Steve Miller
c59c9e8e7f15854ab475f76751b4a95e;Dave Sinclair
c59c9e8e7f15854ab475f76751b4a95e;Dave Stewart
9bce6705725f1f3fb25e329fbfea4f7e;See members article
8912ed246470135f28d1d4d7f92ed8e9;Paul Chisnell - drums
8912ed246470135f28d1d4d7f92ed8e9; vocals
8912ed246470135f28d1d4d7f92ed8e9;Various 
8912ed246470135f28d1d4d7f92ed8e9;drummers
f88ba5082d524c5b793f1b4d014d1710;Tony Hill
f88ba5082d524c5b793f1b4d014d1710;Simon House
f88ba5082d524c5b793f1b4d014d1710;Peter Pavli
f88ba5082d524c5b793f1b4d014d1710;Roger Hadden
68ece9bcd2145296e9ea90bee2809f21;Dick Morrissey
68ece9bcd2145296e9ea90bee2809f21;J. W. Hodkinson
68ece9bcd2145296e9ea90bee2809f21;Dave Quincy
68ece9bcd2145296e9ea90bee2809f21;Terry Smith
68ece9bcd2145296e9ea90bee2809f21;Lionel Grigson
68ece9bcd2145296e9ea90bee2809f21;Daryl Runswick
68ece9bcd2145296e9ea90bee2809f21;Spike Wells
68ece9bcd2145296e9ea90bee2809f21;John Mealing
68ece9bcd2145296e9ea90bee2809f21;Jim Richardson
68ece9bcd2145296e9ea90bee2809f21;Dennis Elliott
68ece9bcd2145296e9ea90bee2809f21;Cliff Davies
68ece9bcd2145296e9ea90bee2809f21;Dave Greenslade
68ece9bcd2145296e9ea90bee2809f21;Dave Wintour
68ece9bcd2145296e9ea90bee2809f21;Pete Arnesen
68ece9bcd2145296e9ea90bee2809f21;Kurt Palomacki
68ece9bcd2145296e9ea90bee2809f21;Steve Rosenthal
68ece9bcd2145296e9ea90bee2809f21;Fi Trench
68ece9bcd2145296e9ea90bee2809f21;Gabriel Magno
68ece9bcd2145296e9ea90bee2809f21;Walt Monaghan
68ece9bcd2145296e9ea90bee2809f21;Mike Tomich
68ece9bcd2145296e9ea90bee2809f21;Geoff Whitehorn
e504515dcca43f0c644905540a6dbaf5;Jane Relf
e504515dcca43f0c644905540a6dbaf5;Jim McCarty
e504515dcca43f0c644905540a6dbaf5;John Hawken
e504515dcca43f0c644905540a6dbaf5;Louis Cennamo
e504515dcca43f0c644905540a6dbaf5;John Knightsbridge
e504515dcca43f0c644905540a6dbaf5;Eddie McNeill
85df1796b843e428bfd0a7ef1e0c72a4;Dave Fitzgerald
85df1796b843e428bfd0a7ef1e0c72a4;Nick Beggs
85df1796b843e428bfd0a7ef1e0c72a4;Terl Bryant
85df1796b843e428bfd0a7ef1e0c72a4;Fiona Davidson
85df1796b843e428bfd0a7ef1e0c72a4;Peter Whitfield
85df1796b843e428bfd0a7ef1e0c72a4;Tim Harries
85df1796b843e428bfd0a7ef1e0c72a4;Mike Haughton
85df1796b843e428bfd0a7ef1e0c72a4;Troy Donockley
7b4386cc11da8c7cb45ae02844b30fea;Martin Orford
7b4386cc11da8c7cb45ae02844b30fea;Mark Ridout
7b4386cc11da8c7cb45ae02844b30fea;Paul Menel
7b4386cc11da8c7cb45ae02844b30fea;Les 'Ledge' Marshall
7b4386cc11da8c7cb45ae02844b30fea;John Jowitt
7b4386cc11da8c7cb45ae02844b30fea;Andy Edwards
7b4386cc11da8c7cb45ae02844b30fea;Mark Westworth
289c670f8d09eba88d6a8f04b4d2867d;Francis Dunnery
289c670f8d09eba88d6a8f04b4d2867d;Dick Nolan
289c670f8d09eba88d6a8f04b4d2867d;Howard "H" Smith
289c670f8d09eba88d6a8f04b4d2867d;Lee Knott
d58649253973ad48ee4b267309f5ed11;Juan Carlos Pérez
d58649253973ad48ee4b267309f5ed11;Foisis (José Gárate)
d58649253973ad48ee4b267309f5ed11;José A. Fernández
d58649253973ad48ee4b267309f5ed11;Estanis Osinalde
d58649253973ad48ee4b267309f5ed11;Joseba Erkiaga
d58649253973ad48ee4b267309f5ed11;Germán Ors
d58649253973ad48ee4b267309f5ed11;Jimmi Arrabit
d58649253973ad48ee4b267309f5ed11;Jean-Mary Ecay
d58649253973ad48ee4b267309f5ed11;Xabi Pery
8e8c9320813d458418248ab35519d432;Lee Jackson
8e8c9320813d458418248ab35519d432;Brian Chatton
8e8c9320813d458418248ab35519d432;John McBurnie
8e8c9320813d458418248ab35519d432;Charlie Harcourt
8e8c9320813d458418248ab35519d432;Tommy Sloane
8e8c9320813d458418248ab35519d432;Mario Enrique Covarrubias Tapia
e80c3a205062590f3a78b82628005aa0;Tony Duhig (deceased)
e80c3a205062590f3a78b82628005aa0; Colin Henson
37029621711fac93802360967613ca3e;Trevor Dawkins (1982-1989)
37029621711fac93802360967613ca3e;Les Marshall (1982-1986)
37029621711fac93802360967613ca3e;Mark Ridout (1982-1985)
37029621711fac93802360967613ca3e;Paul Alwin (1985-1988)
37029621711fac93802360967613ca3e;Pete Salmon (1986-1989)
37029621711fac93802360967613ca3e;Mark Law (1988-1989)
b5bff912115afea607e4cca6be074865;Angelina Galactique
b5bff912115afea607e4cca6be074865; (flute
b5bff912115afea607e4cca6be074865; keyboards
b5bff912115afea607e4cca6be074865; vocals) 2003-2012
545a1dc7f323d4908e1080021ffe9111;George Tickner
545a1dc7f323d4908e1080021ffe9111;Robert Fleischman
545a1dc7f323d4908e1080021ffe9111;Aynsley Dunbar
545a1dc7f323d4908e1080021ffe9111;Gregg Rolie
545a1dc7f323d4908e1080021ffe9111;Steve Perry
545a1dc7f323d4908e1080021ffe9111;Randy Jackson
545a1dc7f323d4908e1080021ffe9111;Steve Augeri
545a1dc7f323d4908e1080021ffe9111;Jeff Scott Soto
545a1dc7f323d4908e1080021ffe9111;Deen Castronovo
29be47a6204f229d01b7d52937723bd7;Kerry Livgren
29be47a6204f229d01b7d52937723bd7;Dave Hope
29be47a6204f229d01b7d52937723bd7;Robby Steinhardt
29be47a6204f229d01b7d52937723bd7;Steve Walsh
29be47a6204f229d01b7d52937723bd7;John Elefante
29be47a6204f229d01b7d52937723bd7;Steve Morse
29be47a6204f229d01b7d52937723bd7;Greg Robert
18c7d3b8ef7b901efc476fc2ab63bb00;Paul Davies
18c7d3b8ef7b901efc476fc2ab63bb00;Jonathan Edwards
18c7d3b8ef7b901efc476fc2ab63bb00;Gavin Griffiths
18c7d3b8ef7b901efc476fc2ab63bb00;Rachel Jones
18c7d3b8ef7b901efc476fc2ab63bb00;Anne-Marie Helder
18c7d3b8ef7b901efc476fc2ab63bb00;Gonzalo Carrera
18c7d3b8ef7b901efc476fc2ab63bb00;Alquimia
18c7d3b8ef7b901efc476fc2ab63bb00;Bob Dalton
18c7d3b8ef7b901efc476fc2ab63bb00;Nick May
18c7d3b8ef7b901efc476fc2ab63bb00;Lisa Fury
18c7d3b8ef7b901efc476fc2ab63bb00;Louis Palmer
18c7d3b8ef7b901efc476fc2ab63bb00;Ian Harris
18c7d3b8ef7b901efc476fc2ab63bb00;Colin Mold
427040eb0a6e381fad1f7667481de955;Max Werner
427040eb0a6e381fad1f7667481de955;Johan Slager
427040eb0a6e381fad1f7667481de955;Pim Koopman
427040eb0a6e381fad1f7667481de955;Cees van Leeuwen
427040eb0a6e381fad1f7667481de955;Bert Veldkamp
427040eb0a6e381fad1f7667481de955;Theo de Jong
427040eb0a6e381fad1f7667481de955;Charles Schouten
427040eb0a6e381fad1f7667481de955;Peter Scherpenzeel
427040eb0a6e381fad1f7667481de955;Irene Linders
427040eb0a6e381fad1f7667481de955;Katherine Lapthorn
427040eb0a6e381fad1f7667481de955;Rob Winter
427040eb0a6e381fad1f7667481de955;Bert Heerink
427040eb0a6e381fad1f7667481de955;Monique van der Ster
427040eb0a6e381fad1f7667481de955;Edward Reekers
427040eb0a6e381fad1f7667481de955;Cindy Oudshoorn
bdcd69a7071955a8938752a994349509;Bob Daisley
bdcd69a7071955a8938752a994349509;Dannie Davidson
bdcd69a7071955a8938752a994349509;Tim Gaze
bdcd69a7071955a8938752a994349509;Dennis Wilson
bdcd69a7071955a8938752a994349509;Scott Maxey
bdcd69a7071955a8938752a994349509;Peter Roberts
bdcd69a7071955a8938752a994349509;Mark Marriott
f432de353435491556e35f8690fdf240;Dan McCollam
f432de353435491556e35f8690fdf240;Kirk Henderson
1ad6c7201df8cf84f88a8761b80fc3f8;Arthur Brown
1ad6c7201df8cf84f88a8761b80fc3f8;Andy Dalby
1ad6c7201df8cf84f88a8761b80fc3f8;Martin Steer
1ad6c7201df8cf84f88a8761b80fc3f8;Phil Shutt
1ad6c7201df8cf84f88a8761b80fc3f8;Victor Peraino
1ad6c7201df8cf84f88a8761b80fc3f8;Julian Paul Brown
1ad6c7201df8cf84f88a8761b80fc3f8;Michael Harris
1ad6c7201df8cf84f88a8761b80fc3f8;Desmond Fisher
2ae73f5d09288aef3f8f5aa0394b68a9;John Woloschuk
2ae73f5d09288aef3f8f5aa0394b68a9;Dee Long
2ae73f5d09288aef3f8f5aa0394b68a9;Terry Draper
175f5df02003b1e0ab33428db7733889;Craig Fortnam
175f5df02003b1e0ab33428db7733889;Khyam Allami
175f5df02003b1e0ab33428db7733889;Nicki Maher
52e3d82369eaf6086fe9463aa96035f9;Joop Klazinga
52e3d82369eaf6086fe9463aa96035f9;Rinie Huigen
52e3d82369eaf6086fe9463aa96035f9;Mark Vermeule
52e3d82369eaf6086fe9463aa96035f9;Gijs Koopman
0884904f67f4cc638d8eda85a03bbee9;Masada Ryuichi
0884904f67f4cc638d8eda85a03bbee9;Kuwahara Shigekazu
0884904f67f4cc638d8eda85a03bbee9;Harada Jin
0884904f67f4cc638d8eda85a03bbee9;Oguchi Kenichi
0884904f67f4cc638d8eda85a03bbee9;Sagara Nami
0884904f67f4cc638d8eda85a03bbee9;Kanazawa Miyako
0884904f67f4cc638d8eda85a03bbee9;Kubota Aki
3c530bcaddb1d20ab7aa424e4f7f4faf;Ingo Bischof
3c530bcaddb1d20ab7aa424e4f7f4faf;Johannes „Alto“ Pappert
3c530bcaddb1d20ab7aa424e4f7f4faf;Udo Dahmen
3c530bcaddb1d20ab7aa424e4f7f4faf;Joo Kraus
3c530bcaddb1d20ab7aa424e4f7f4faf;Gerry Brown
3c530bcaddb1d20ab7aa424e4f7f4faf;Eef Albers
3c530bcaddb1d20ab7aa424e4f7f4faf;Mark McMillen
3c530bcaddb1d20ab7aa424e4f7f4faf;Tomy Goldschmidt
e4795e90f00952e5487c46c943907232;See 
e4795e90f00952e5487c46c943907232;Member history
e4795e90f00952e5487c46c943907232; section
328aa04131127d9d7507dd4faa1a382c;Stian Lonar
328aa04131127d9d7507dd4faa1a382c;Esben Meyer Khristensen
328aa04131127d9d7507dd4faa1a382c;Kenneth Solberg
328aa04131127d9d7507dd4faa1a382c;Truls Vennman
328aa04131127d9d7507dd4faa1a382c;Halvor Strand
328aa04131127d9d7507dd4faa1a382c;Tor Stian Borhaug
328aa04131127d9d7507dd4faa1a382c;Rein Blomquist
328aa04131127d9d7507dd4faa1a382c;Tobias Ørnes Andersen
328aa04131127d9d7507dd4faa1a382c;Martin Skrebergene
c2b55679a5fcdf0cd11178ab25fbdaa9;Hisham Bharoocha
810f85e7ec0d3eb09a7b6c60b1c46fc4;John Petrucci
810f85e7ec0d3eb09a7b6c60b1c46fc4;Jordan Rudess
810f85e7ec0d3eb09a7b6c60b1c46fc4;Mike Portnoy
810f85e7ec0d3eb09a7b6c60b1c46fc4;Tony Levin
b2182d23e01bd7edc5684043f66e96e2;Joachim "Addi" Rietenbach
b2182d23e01bd7edc5684043f66e96e2;Peter Hecht
b2182d23e01bd7edc5684043f66e96e2;Herbert Bornhold
b2182d23e01bd7edc5684043f66e96e2;Mike Starrs
b2182d23e01bd7edc5684043f66e96e2;Adrian Askew
b2182d23e01bd7edc5684043f66e96e2;Curt Cress
b2182d23e01bd7edc5684043f66e96e2;Andreas Dicke
b2182d23e01bd7edc5684043f66e96e2;Udo Dahmen
b8aa849cde4505e53dbd1d812787d7a4;Tamás Barta
b8aa849cde4505e53dbd1d812787d7a4;Károly Frenreisz
b8aa849cde4505e53dbd1d812787d7a4;József Laux
b8aa849cde4505e53dbd1d812787d7a4;Tamás Somló
d22e041f609c4f666e7129ce7cdea338;Former members
37bacee5d267009f0d889da7660a4b7b;Trent Gardner
37bacee5d267009f0d889da7660a4b7b; Wayne Gardner
4a408f50461926107cefdfcb2075c2d6;Allan Mason-Jones
4a408f50461926107cefdfcb2075c2d6; Martin Rosser
4a408f50461926107cefdfcb2075c2d6; Matt Cohen
4a408f50461926107cefdfcb2075c2d6; Dan Fry
4a408f50461926107cefdfcb2075c2d6; Colin Edwards
4a408f50461926107cefdfcb2075c2d6; Keiran Bailey
36ce1ded3f57dda5e4307c7cc126b8cf;Francis Moze
36ce1ded3f57dda5e4307c7cc126b8cf;Jannick "Janik" Top
36ce1ded3f57dda5e4307c7cc126b8cf;Klaus Blasquiz
36ce1ded3f57dda5e4307c7cc126b8cf;Didier Lockwood
36ce1ded3f57dda5e4307c7cc126b8cf;Bernard Paganotti
36ce1ded3f57dda5e4307c7cc126b8cf;Benoît Widemann
36ce1ded3f57dda5e4307c7cc126b8cf;Teddy Lasry
36ce1ded3f57dda5e4307c7cc126b8cf;Himiko Paganotti
36ce1ded3f57dda5e4307c7cc126b8cf;Antoine Paganotti
36ce1ded3f57dda5e4307c7cc126b8cf;Emmanuel Borghi
36ce1ded3f57dda5e4307c7cc126b8cf;Bruno Ruder
36ce1ded3f57dda5e4307c7cc126b8cf;Laurent Thibault
36ce1ded3f57dda5e4307c7cc126b8cf;Jérémie Ternoy
36ce1ded3f57dda5e4307c7cc126b8cf;Jim Grandcamp
36ce1ded3f57dda5e4307c7cc126b8cf;James MacGaw
bb2cdd507f69ab68d7db5cdf57d537e6;Kex Gorin
bb2cdd507f69ab68d7db5cdf57d537e6;Bob Doyle
bb2cdd507f69ab68d7db5cdf57d537e6;Dave Morgan
bb2cdd507f69ab68d7db5cdf57d537e6;Colin Lowe
bb2cdd507f69ab68d7db5cdf57d537e6;Richard Bailey
bb2cdd507f69ab68d7db5cdf57d537e6;Jim Simpson
bb2cdd507f69ab68d7db5cdf57d537e6;Mickey Barker
bb2cdd507f69ab68d7db5cdf57d537e6;Jimmy Copley
bb2cdd507f69ab68d7db5cdf57d537e6;Mark Stanway
b31cbad4fac84e6c20b2e56bd7148d2c;John McLaughlin
b31cbad4fac84e6c20b2e56bd7148d2c;Billy Cobham
b31cbad4fac84e6c20b2e56bd7148d2c;Jan Hammer
b31cbad4fac84e6c20b2e56bd7148d2c;Jerry Goodman
b31cbad4fac84e6c20b2e56bd7148d2c;Rick Laird
b31cbad4fac84e6c20b2e56bd7148d2c;Ralphe Armstrong
b31cbad4fac84e6c20b2e56bd7148d2c;Narada Michael Walden
b31cbad4fac84e6c20b2e56bd7148d2c;Gayle Moran
b31cbad4fac84e6c20b2e56bd7148d2c;Jean-Luc Ponty
b31cbad4fac84e6c20b2e56bd7148d2c;Stu Goldberg
b31cbad4fac84e6c20b2e56bd7148d2c;Bill Evans
b31cbad4fac84e6c20b2e56bd7148d2c;Jonas Hellborg
b31cbad4fac84e6c20b2e56bd7148d2c;Mitchel Forman
b31cbad4fac84e6c20b2e56bd7148d2c;Danny Gottlieb
b31cbad4fac84e6c20b2e56bd7148d2c;Jim Beard
2a7641c8413f38b51ad65e789309f28e;Paul Harwood
2a7641c8413f38b51ad65e789309f28e;Jimmy Ayoub
2a7641c8413f38b51ad65e789309f28e;Phil Bech
2a7641c8413f38b51ad65e789309f28e;Johnny McDiarmid
2a7641c8413f38b51ad65e789309f28e;Vince Marino
2a7641c8413f38b51ad65e789309f28e;Timm Biery
2a7641c8413f38b51ad65e789309f28e;Claudio Daniel Pesavento
2a7641c8413f38b51ad65e789309f28e;Dave Goode
5d5cc8c058fa3685ea62b1fd23d428b5;Gaz
5d5cc8c058fa3685ea62b1fd23d428b5;Tetsu
5d5cc8c058fa3685ea62b1fd23d428b5;Gackt
5d5cc8c058fa3685ea62b1fd23d428b5;Kami
7c6e6eabad999631491040126b7788c0;Clive John
7c6e6eabad999631491040126b7788c0;Jeff Jones
7c6e6eabad999631491040126b7788c0;Micky Jones
7c6e6eabad999631491040126b7788c0;Deke Leonard
7c6e6eabad999631491040126b7788c0;Ray Williams
7c6e6eabad999631491040126b7788c0;Terry Williams
7c6e6eabad999631491040126b7788c0;Phil Ryan
7c6e6eabad999631491040126b7788c0;Will Youatt
7c6e6eabad999631491040126b7788c0;Alan "Tweke" Lewis
7c6e6eabad999631491040126b7788c0;Malcolm Morley
7c6e6eabad999631491040126b7788c0;Ken Whaley
7c6e6eabad999631491040126b7788c0;John Cipollina
7c6e6eabad999631491040126b7788c0;John McKenzie
7c6e6eabad999631491040126b7788c0;John Weathers
7c6e6eabad999631491040126b7788c0;Rick Martinez
7c6e6eabad999631491040126b7788c0;Bob Richards
7c6e6eabad999631491040126b7788c0;Gareth Llewellyn Thorrington
7c6e6eabad999631491040126b7788c0;George Jones
ff5c0c4a38a9653d6ed8b148bcb6aba3;See: 
ff5c0c4a38a9653d6ed8b148bcb6aba3;Manfred Mann's Earth Band Personnel
43a6ed67e550ff2c55b28e7a3cd0a279;Denis Lapierre
43a6ed67e550ff2c55b28e7a3cd0a279;Alain Bergeron
43a6ed67e550ff2c55b28e7a3cd0a279;Yves Léonard
43a6ed67e550ff2c55b28e7a3cd0a279;Gilles Schetagne
43a6ed67e550ff2c55b28e7a3cd0a279;Jérôme Langlois
43a6ed67e550ff2c55b28e7a3cd0a279;Vincent Langlois
3c0d0fa20fdf679e8f2a4e50742bd06b;Phil Antolino
3c0d0fa20fdf679e8f2a4e50742bd06b;Bob Eckman
3c0d0fa20fdf679e8f2a4e50742bd06b;Mickey Simmonds
3c0d0fa20fdf679e8f2a4e50742bd06b;Lisa Bouchelle
2da5c951eecb98f2ccbbc264c527c509;Eric Saner
49883ab559373271433e3279cb3ad469;Dino Elefante
49883ab559373271433e3279cb3ad469;John Elefante
49883ab559373271433e3279cb3ad469;Dan Needham
49883ab559373271433e3279cb3ad469;Anthony Sallee
49883ab559373271433e3279cb3ad469;Dave Amato
1652cd82bad04ce22d8e0ebe4718f1e9;Bill MacCormick
1652cd82bad04ce22d8e0ebe4718f1e9;Robert Wyatt
1652cd82bad04ce22d8e0ebe4718f1e9;Phil Miller
1652cd82bad04ce22d8e0ebe4718f1e9;Dave Sinclair
1652cd82bad04ce22d8e0ebe4718f1e9;Dave MacRae
1652cd82bad04ce22d8e0ebe4718f1e9;Francis Monkman
1652cd82bad04ce22d8e0ebe4718f1e9;Gary Windo
964f68182eda9650e431bdf3477aa09e;Ben Baraldi
964f68182eda9650e431bdf3477aa09e;Fred Johnson
964f68182eda9650e431bdf3477aa09e;John Lipfert
964f68182eda9650e431bdf3477aa09e;Rich Smaldone
964f68182eda9650e431bdf3477aa09e;Robert Kelly Turner
e37968bf8dc430abe7feb66eac92c9bd;Aram Shelton
e37968bf8dc430abe7feb66eac92c9bd;Dickie Ogden
e37968bf8dc430abe7feb66eac92c9bd;Nathaniel Hawkes
e37968bf8dc430abe7feb66eac92c9bd;Ben Doitel
e37968bf8dc430abe7feb66eac92c9bd;Rob Pumpelly
e37968bf8dc430abe7feb66eac92c9bd;many others
b07b773ab4595718ef7a07ec00f041a6;James Litherland
b07b773ab4595718ef7a07ec00f041a6;Roger Ball
b07b773ab4595718ef7a07ec00f041a6;Malcolm Duncan
b07b773ab4595718ef7a07ec00f041a6;Bill Harrison
b07b773ab4595718ef7a07ec00f041a6;Michael Rosen
b07b773ab4595718ef7a07ec00f041a6;John Wetton
2c7b4afd7d56260d5e4aaadbdab95db7;Anthon Johansson
2c7b4afd7d56260d5e4aaadbdab95db7;Tobias Lundgren
c35b7ad436c731cc325d6f8b8167aa32;Personnel
4e86c0cbb4f81da6ba8eb887c5f01f73;Håkon Gebhardt
4e86c0cbb4f81da6ba8eb887c5f01f73;Helge Sten
4e86c0cbb4f81da6ba8eb887c5f01f73;Lars Lien
4e86c0cbb4f81da6ba8eb887c5f01f73;Morten Fagervik
4e86c0cbb4f81da6ba8eb887c5f01f73;Kjell Runar Jenssen
4e86c0cbb4f81da6ba8eb887c5f01f73;Kenneth Kapstad
67af8addcc41d1ed194d6d20746cbd4e;Ontronik Khachaturian
c2bc02f6c5fe397afe63d8fc46ff0fe2;Neal Morse
c2bc02f6c5fe397afe63d8fc46ff0fe2;John Ballard
c2bc02f6c5fe397afe63d8fc46ff0fe2;Jimmy Keegan
c7621d6f57505f336bdc63385fdd5bb7;Liam Davison
c7621d6f57505f336bdc63385fdd5bb7;Bob Faulds
c7621d6f57505f336bdc63385fdd5bb7;Kev Gibbons
c7621d6f57505f336bdc63385fdd5bb7;Heidi Widdop
c7621d6f57505f336bdc63385fdd5bb7;Alun Hughes
c7621d6f57505f336bdc63385fdd5bb7;Chris Walton
c7621d6f57505f336bdc63385fdd5bb7;Stuart Carver
c7621d6f57505f336bdc63385fdd5bb7;Allan Scott
c7621d6f57505f336bdc63385fdd5bb7;Heather Findlay
c7621d6f57505f336bdc63385fdd5bb7;Rob McNeil
c7621d6f57505f336bdc63385fdd5bb7;Jonathan Blackmore
c7621d6f57505f336bdc63385fdd5bb7;Andrew Jennings
c7621d6f57505f336bdc63385fdd5bb7;Anne-Marie Helder
c7621d6f57505f336bdc63385fdd5bb7;Henry Bourne
c7621d6f57505f336bdc63385fdd5bb7;Robbie Baxter
c7621d6f57505f336bdc63385fdd5bb7;Gavin Griffiths
1db69b1d9291352e14645fdaa40ba7d4;Shawn Barclay
06a16926a18a27492ab419ef6bfea77e;Andrea Pavan
06a16926a18a27492ab419ef6bfea77e;Sergio Cossu
06a16926a18a27492ab419ef6bfea77e;Pit Corradi
06a16926a18a27492ab419ef6bfea77e;Stefano Galifi
06a16926a18a27492ab419ef6bfea77e;Enzo Merogno
f369f1b48785e6bc505168c7bb916f5c;Sylvain Desharnais
f369f1b48785e6bc505168c7bb916f5c;Raymond Savoie
f369f1b48785e6bc505168c7bb916f5c;Stéphane Perreault
f369f1b48785e6bc505168c7bb916f5c;Benoît Dupuis
f369f1b48785e6bc505168c7bb916f5c;Gary Savoie
f369f1b48785e6bc505168c7bb916f5c;Richard Addison
f369f1b48785e6bc505168c7bb916f5c;Patrick Bourque
f369f1b48785e6bc505168c7bb916f5c;Michel Painchaud
f369f1b48785e6bc505168c7bb916f5c;Steve Gagné
f369f1b48785e6bc505168c7bb916f5c;Anne Charbonneau
f369f1b48785e6bc505168c7bb916f5c;Benoît David
66d06405e7383712dfabd53b34ebf07d;Guy LeBlanc
66d06405e7383712dfabd53b34ebf07d;Marc Spénard
66d06405e7383712dfabd53b34ebf07d;Dan Lacasse
66d06405e7383712dfabd53b34ebf07d;Garth Boyd
66d06405e7383712dfabd53b34ebf07d;Alain Paluck
66d06405e7383712dfabd53b34ebf07d;Claude Prince
66d06405e7383712dfabd53b34ebf07d;Alain Bergeron
66d06405e7383712dfabd53b34ebf07d;Luc Poulin
66d06405e7383712dfabd53b34ebf07d;Scott Daughtrey
66d06405e7383712dfabd53b34ebf07d;José Bergeron
66d06405e7383712dfabd53b34ebf07d;Guy Dagenais
66d06405e7383712dfabd53b34ebf07d;J.P. Ranger
66d06405e7383712dfabd53b34ebf07d;Aaron Clark
960ce1ec977834bb78ae0a94da7b411c;Dave Stewart
960ce1ec977834bb78ae0a94da7b411c;Alan Gowen
960ce1ec977834bb78ae0a94da7b411c;Amanda Parsons
960ce1ec977834bb78ae0a94da7b411c;Phil Miller
960ce1ec977834bb78ae0a94da7b411c;Phil Lee
960ce1ec977834bb78ae0a94da7b411c;Mont Campbell
960ce1ec977834bb78ae0a94da7b411c;Bill Bruford
960ce1ec977834bb78ae0a94da7b411c;Steve Hillage
960ce1ec977834bb78ae0a94da7b411c;John Mitchell
960ce1ec977834bb78ae0a94da7b411c;Neil Murray
960ce1ec977834bb78ae0a94da7b411c;Pip Pyle
960ce1ec977834bb78ae0a94da7b411c;John Greaves
960ce1ec977834bb78ae0a94da7b411c;Georgie Born
960ce1ec977834bb78ae0a94da7b411c;Lindsay Cooper
94a1c4aae099c0840699ddd467d1a5ae;Ron Howden
94a1c4aae099c0840699ddd467d1a5ae;Klaus Henatsch
94a1c4aae099c0840699ddd467d1a5ae;Lux Vibratus
94a1c4aae099c0840699ddd467d1a5ae;Roye Albrighton
94a1c4aae099c0840699ddd467d1a5ae;Mick Brockett
94a1c4aae099c0840699ddd467d1a5ae;Allan "Taff" Freeman
94a1c4aae099c0840699ddd467d1a5ae;Derek "Mo" Moore
94a1c4aae099c0840699ddd467d1a5ae;Keith Walters
94a1c4aae099c0840699ddd467d1a5ae;Dave Nelson
94a1c4aae099c0840699ddd467d1a5ae;Ryche Chlanda
94a1c4aae099c0840699ddd467d1a5ae;Dave Prater
94a1c4aae099c0840699ddd467d1a5ae;Carmine Rojas
94a1c4aae099c0840699ddd467d1a5ae;Ray Hardwick
94a1c4aae099c0840699ddd467d1a5ae;Larry Fast
94a1c4aae099c0840699ddd467d1a5ae;Randy Dembo
94a1c4aae099c0840699ddd467d1a5ae;Tom Hughes
94a1c4aae099c0840699ddd467d1a5ae;Steve Adams
94a1c4aae099c0840699ddd467d1a5ae;Desha Dunnahoe
94a1c4aae099c0840699ddd467d1a5ae;Steve Mattern
94a1c4aae099c0840699ddd467d1a5ae;Peter Pichl
94a1c4aae099c0840699ddd467d1a5ae;Billy Sherwood
3d160c5439b160e094cddd38a389cd14;Benoit Gaignon
3d160c5439b160e094cddd38a389cd14;Pascal Bertrand
47109b349196a17500f431f53fcbb088;Klaus Dinger
47109b349196a17500f431f53fcbb088;Michael Rother
47109b349196a17500f431f53fcbb088;Eberhard Kranemann
47109b349196a17500f431f53fcbb088;Uli Trepte
47109b349196a17500f431f53fcbb088;Thomas Dinger
47109b349196a17500f431f53fcbb088;Hans Lampe
47109b349196a17500f431f53fcbb088;Konrad Mathieu
47109b349196a17500f431f53fcbb088;Georg Sessenhausen
47109b349196a17500f431f53fcbb088;Nikolas Kolman
ce7d08ea776d3b2a0399b19dec36a9ab;Giorgio D'Adamo
ce7d08ea776d3b2a0399b19dec36a9ab;Mauro Chiarugi
ce7d08ea776d3b2a0399b19dec36a9ab;Gianni Belleno
ce7d08ea776d3b2a0399b19dec36a9ab;Frank Laugelli
ce7d08ea776d3b2a0399b19dec36a9ab;Maurizio Salvi
ce7d08ea776d3b2a0399b19dec36a9ab;Ricky Belloni
ce7d08ea776d3b2a0399b19dec36a9ab;Giorgio Usai
99ce4a198191c7341740aa5b50577878;Keith Emerson
99ce4a198191c7341740aa5b50577878;Lee Jackson
99ce4a198191c7341740aa5b50577878;David O'List
99ce4a198191c7341740aa5b50577878;Ian Hague
99ce4a198191c7341740aa5b50577878;Brian Davison
aea16206df17d742562a237b866afb16;Jürgen Wentzel
aea16206df17d742562a237b866afb16;Heino Schünzel
aea16206df17d742562a237b866afb16;Lutz Rahn
aea16206df17d742562a237b866afb16;Hartwig Biereichel
aea16206df17d742562a237b866afb16;Carlo Karges
aea16206df17d742562a237b866afb16;Fred Mühlböck
aea16206df17d742562a237b866afb16;Detlef Job
aea16206df17d742562a237b866afb16;Ernst Herzner
aea16206df17d742562a237b866afb16;Hinrich Schneider
a38502e0f9056a54948b6522943bf2a8;Tamás Künsztler
a38502e0f9056a54948b6522943bf2a8;Péter Láng
a38502e0f9056a54948b6522943bf2a8;Ferenc Tornóczky
a38502e0f9056a54948b6522943bf2a8;István Varsányi
a38502e0f9056a54948b6522943bf2a8;András Kovacsics
a38502e0f9056a54948b6522943bf2a8;László Harmat
a38502e0f9056a54948b6522943bf2a8;József Laux
a38502e0f9056a54948b6522943bf2a8;Tamás Somló
a38502e0f9056a54948b6522943bf2a8;Mária Wittek
a38502e0f9056a54948b6522943bf2a8;Gábor Presser
1a1b8467620a7a751e875fb4db1a31d5;Former members
46c1c29f2b984d279485db174d36a231;Basil Hammoudi
46c1c29f2b984d279485db174d36a231;Butch Hauf
46c1c29f2b984d279485db174d36a231;Ralf Hütter
46c1c29f2b984d279485db174d36a231;Alfred "Fred" Mönicks
46c1c29f2b984d279485db174d36a231;Florian Schneider-Esleben
197a32cbdf536245bbe864cb6a4ec330;Aldo Tagliapietra
197a32cbdf536245bbe864cb6a4ec330;Tony Pagliuca
197a32cbdf536245bbe864cb6a4ec330;Andrea Bassato
197a32cbdf536245bbe864cb6a4ec330;Francesco Sartori
197a32cbdf536245bbe864cb6a4ec330;Germano Serafin
197a32cbdf536245bbe864cb6a4ec330;Tolo Marton
197a32cbdf536245bbe864cb6a4ec330;Nino Smeraldi
197a32cbdf536245bbe864cb6a4ec330;Claudio Galieti
197a32cbdf536245bbe864cb6a4ec330;Marino Rebeschini
b27062a3d73c3ddeb97686872eeb4ce3;Matti Svatizky
b27062a3d73c3ddeb97686872eeb4ce3;Sami Bachar
b27062a3d73c3ddeb97686872eeb4ce3;Itzik Levy
b27062a3d73c3ddeb97686872eeb4ce3;Eran Asias
b27062a3d73c3ddeb97686872eeb4ce3;Eden Rabin
b27062a3d73c3ddeb97686872eeb4ce3;Avi Diamond
b27062a3d73c3ddeb97686872eeb4ce3;Yatziv Caspi
b27062a3d73c3ddeb97686872eeb4ce3;Adee Silva
b27062a3d73c3ddeb97686872eeb4ce3;Yossi Sa'aron Sassi
93292214c552afadcf6bafebac799ebb;Mike Portnoy
da7b6616c1c5999bbaa3bad5c90736d0;Joakim Strandberg
da7b6616c1c5999bbaa3bad5c90736d0;Mikael Pettersson
da7b6616c1c5999bbaa3bad5c90736d0;Daniel Magdic
da7b6616c1c5999bbaa3bad5c90736d0;Johan Langell
da7b6616c1c5999bbaa3bad5c90736d0;Magnus Johansson
da7b6616c1c5999bbaa3bad5c90736d0;Kristoffer Gildenlöw
da7b6616c1c5999bbaa3bad5c90736d0;Fredrik Hermansson
da7b6616c1c5999bbaa3bad5c90736d0;Simon Andersson
da7b6616c1c5999bbaa3bad5c90736d0;Ragnar Zolberg
4e877bfdf281f9c3adefe366d898e171;Derek Forman
4e877bfdf281f9c3adefe366d898e171;Euan Lowson
4e877bfdf281f9c3adefe366d898e171;Alan Reed
a96524c46c7f69610a0850daf786f4d7;Gregor Bürger
a96524c46c7f69610a0850daf786f4d7;Florian Schmidt
a96524c46c7f69610a0850daf786f4d7;Andreas Dombert
a96524c46c7f69610a0850daf786f4d7;Max Bucher
a96524c46c7f69610a0850daf786f4d7;Martin Mayrhofer
279618908aee253b8441431d49a2b664;Doug Rayburn
279618908aee253b8441431d49a2b664;Rick Stockton
279618908aee253b8441431d49a2b664;David Hamilton
279618908aee253b8441431d49a2b664;Siegfried Carver
279618908aee253b8441431d49a2b664;Steve Levin
279618908aee253b8441431d49a2b664;Steve Scorfina
279618908aee253b8441431d49a2b664;Tom Nickeson
279618908aee253b8441431d49a2b664;Kirk Sarkisian
e20d6d1197138eb787b190efa323081c;John Barnfield
e20d6d1197138eb787b190efa323081c;Alan Gyorffy
e20d6d1197138eb787b190efa323081c;Nigel Harris
e20d6d1197138eb787b190efa323081c;Matt Anderson
e20d6d1197138eb787b190efa323081c;Rick Carter
e20d6d1197138eb787b190efa323081c;Fudge Smith
e20d6d1197138eb787b190efa323081c;Joe Crabtree
e20d6d1197138eb787b190efa323081c;Scott Higham
e20d6d1197138eb787b190efa323081c;Craig Blundell
23dd9c7e83390ef06292d0176dbaa666;Keith Harrison
23dd9c7e83390ef06292d0176dbaa666;Wayne Higgins
23dd9c7e83390ef06292d0176dbaa666;Matt O'Leary
23dd9c7e83390ef06292d0176dbaa666;Dan Osborne
8989b8bfa53ddc38378b5d4b2b29817f;Milan "Mejla" Hlavsa
8989b8bfa53ddc38378b5d4b2b29817f;Joe Karafiát
8989b8bfa53ddc38378b5d4b2b29817f;Paul Wilson
8989b8bfa53ddc38378b5d4b2b29817f;Jan Brabec
8989b8bfa53ddc38378b5d4b2b29817f;Ivan Bierhanzl
8989b8bfa53ddc38378b5d4b2b29817f;Pavel Zeman
8989b8bfa53ddc38378b5d4b2b29817f;Ludvík "Eman" Kandl
879cebf7f40245960a2a7972f82dc8f0;Rod Morgenstein
879cebf7f40245960a2a7972f82dc8f0;Ty Tabor
879cebf7f40245960a2a7972f82dc8f0;John Myung
879cebf7f40245960a2a7972f82dc8f0;Derek Sherinian
1e7809ce8a378a485e2a579fd4178781;Florian Fricke
1e7809ce8a378a485e2a579fd4178781;Holger Trülzsch
1e7809ce8a378a485e2a579fd4178781;Djong Yun
1e7809ce8a378a485e2a579fd4178781;Conny Veit
1e7809ce8a378a485e2a579fd4178781;Daniel Fichelscher
1e7809ce8a378a485e2a579fd4178781;Klaus Wiese
1e7809ce8a378a485e2a579fd4178781;Bob Eliscu
1e7809ce8a378a485e2a579fd4178781;Frank Fiedler
1e7809ce8a378a485e2a579fd4178781;Renate Knaup
1e7809ce8a378a485e2a579fd4178781;Bettina Fricke
1e7809ce8a378a485e2a579fd4178781;Alois Gromer
1e7809ce8a378a485e2a579fd4178781;Ted De Jong
1e7809ce8a378a485e2a579fd4178781;Guido Hieronymus
1e7809ce8a378a485e2a579fd4178781;Maya Rose
ebe743f81bd93f253e8d4bada81ec0ad;Steven Wilson
ebe743f81bd93f253e8d4bada81ec0ad;Richard Barbieri
ebe743f81bd93f253e8d4bada81ec0ad;Colin Edwin
ebe743f81bd93f253e8d4bada81ec0ad;Chris Maitland
ebe743f81bd93f253e8d4bada81ec0ad;Gavin Harrison
a1e05fe23133da30c2903f4a3e8a223c;Franco Mussida
a1e05fe23133da30c2903f4a3e8a223c;Flavio Premoli
a1e05fe23133da30c2903f4a3e8a223c;Mauro Pagani
a1e05fe23133da30c2903f4a3e8a223c;Giorgio Piazza
a1e05fe23133da30c2903f4a3e8a223c;Bernardo Lanzetti
a1e05fe23133da30c2903f4a3e8a223c;Gregory Bloch
a1e05fe23133da30c2903f4a3e8a223c;Walter Calloni
a1e05fe23133da30c2903f4a3e8a223c;Roberto Gualdi
b5a9d7ba9948c3c0becf6daa909f14d6;Alain Rochette
b5a9d7ba9948c3c0becf6daa909f14d6;Daniel Denis
b5a9d7ba9948c3c0becf6daa909f14d6;Christian Genet
b5a9d7ba9948c3c0becf6daa909f14d6;Bruno Bernas
b5a9d7ba9948c3c0becf6daa909f14d6;Guy Segers
b5a9d7ba9948c3c0becf6daa909f14d6;David Davister
1546b70227d05dfade2c705dfa40a6fd;Zeke Low
1546b70227d05dfade2c705dfa40a6fd;Rod Mikinski
1546b70227d05dfade2c705dfa40a6fd;Don Montre
1546b70227d05dfade2c705dfa40a6fd;Brad Schulz
82a4cd078104aba2bac49c9096af2eb5;Philippe Roman (1970 1974)
82a4cd078104aba2bac49c9096af2eb5;Michel Masson (1975 1978)
9e7414264e29e370ed5bed8c24b9f7bf;Geoff Banks
9e7414264e29e370ed5bed8c24b9f7bf;John Clark
9e7414264e29e370ed5bed8c24b9f7bf;Steve Clarke
9e7414264e29e370ed5bed8c24b9f7bf;Mike Kenwright
9e7414264e29e370ed5bed8c24b9f7bf;Cyrus Khajavi
9e7414264e29e370ed5bed8c24b9f7bf;Steen Doosing
9e7414264e29e370ed5bed8c24b9f7bf;Peter Shade
9e7414264e29e370ed5bed8c24b9f7bf;Paul Vigrass
9e7414264e29e370ed5bed8c24b9f7bf;Peter Ware
9e7414264e29e370ed5bed8c24b9f7bf;Susan Robinson
9e7414264e29e370ed5bed8c24b9f7bf;Dillon Tonkin
9e7414264e29e370ed5bed8c24b9f7bf;David Cairns
9e7414264e29e370ed5bed8c24b9f7bf;Dave Wagstaffe
9e7414264e29e370ed5bed8c24b9f7bf;Kevin Fitzgerald
9e7414264e29e370ed5bed8c24b9f7bf;Uwe D'Rose
9e7414264e29e370ed5bed8c24b9f7bf;Steve Leigh
9e7414264e29e370ed5bed8c24b9f7bf;Tracy Hitchings
9e7414264e29e370ed5bed8c24b9f7bf;Toshi Tsuchiya
9e7414264e29e370ed5bed8c24b9f7bf;PJ Shadowhawk
9e7414264e29e370ed5bed8c24b9f7bf;Greg Studley
9264a06987e9a75197e960730ec88a25;Mick Underwood
9264a06987e9a75197e960730ec88a25;John Gustafson
9264a06987e9a75197e960730ec88a25;J. Peter Robinson
9264a06987e9a75197e960730ec88a25;Nick Simper
9264a06987e9a75197e960730ec88a25;Peter Taylor
9264a06987e9a75197e960730ec88a25;Bernie Tormé
9264a06987e9a75197e960730ec88a25;Don Airey
9264a06987e9a75197e960730ec88a25;Gary Davis
9264a06987e9a75197e960730ec88a25;Bart Foley
dafe1dd6a208d5baa43eb89550b82523;Chris DeGarmo
dafe1dd6a208d5baa43eb89550b82523;Geoff Tate
dafe1dd6a208d5baa43eb89550b82523;Kelly Gray
dafe1dd6a208d5baa43eb89550b82523;Mike Stone
06db9e0620b55577f4c06e2c8b380ee4;Radek Scholl
06db9e0620b55577f4c06e2c8b380ee4;Waldemar Ciechanowski
06db9e0620b55577f4c06e2c8b380ee4;Emila Derkowska
06db9e0620b55577f4c06e2c8b380ee4;Damian Sikorski
02272e0bb4072adebb9676c00e2c5024;Jon Cole
02272e0bb4072adebb9676c00e2c5024;Dan Cole
02272e0bb4072adebb9676c00e2c5024;Roger North
02272e0bb4072adebb9676c00e2c5024;Norm Rogers
02272e0bb4072adebb9676c00e2c5024;Phil Thayer
653c38b02bf6fff2af7fbe282d08e34b;See: 
653c38b02bf6fff2af7fbe282d08e34b;Former members
f8eeeb401546c96340349a3b912ea07d;Steve Gould
f8eeeb401546c96340349a3b912ea07d;David Kaffinetti
f8eeeb401546c96340349a3b912ea07d;Graham Field
f8eeeb401546c96340349a3b912ea07d;Mark Ashton
f8eeeb401546c96340349a3b912ea07d;Chris Randall
f8eeeb401546c96340349a3b912ea07d;Fred Kelly
f8eeeb401546c96340349a3b912ea07d;Andy "Ced" Curtis
f8eeeb401546c96340349a3b912ea07d;Paul Holland
f8eeeb401546c96340349a3b912ea07d;Paul Karas
f8eeeb401546c96340349a3b912ea07d;Nic Potter
f8eeeb401546c96340349a3b912ea07d;Andy Rae
5452ca65332c7b6f5efa2302d34d8a55;Lee Jackson
5452ca65332c7b6f5efa2302d34d8a55;Brian Davison
5452ca65332c7b6f5efa2302d34d8a55;Patrick Moraz
b9fc71d97023486949e4d59ae495e827;Errol Blyth
b9fc71d97023486949e4d59ae495e827;Mark Bond
b9fc71d97023486949e4d59ae495e827;Steve Pankhurst
b9fc71d97023486949e4d59ae495e827;Ray Mondo
b9fc71d97023486949e4d59ae495e827;Jamie Stewart
00b17bd6404a9b700f3d4a1dbfc0525c;Jacek Melnicki
60ab19f7317a1e941815eaa91738f66e;Bryan Ferry
60ab19f7317a1e941815eaa91738f66e;Phil Manzanera
60ab19f7317a1e941815eaa91738f66e;Andy Mackay
60ab19f7317a1e941815eaa91738f66e;Paul Thompson
60ab19f7317a1e941815eaa91738f66e;Brian Eno
60ab19f7317a1e941815eaa91738f66e;Graham Simpson
60ab19f7317a1e941815eaa91738f66e;Eddie Jobson
60ab19f7317a1e941815eaa91738f66e;John Gustafson
60ab19f7317a1e941815eaa91738f66e;David O'List
60ab19f7317a1e941815eaa91738f66e;Rik Kenton
60ab19f7317a1e941815eaa91738f66e;Roger Bunn
60ab19f7317a1e941815eaa91738f66e;Dexter Lloyd
60ab19f7317a1e941815eaa91738f66e;Gary Tibbs
5610f9f790a87f8bd9028e66004e2b18;Brian Doerner
5610f9f790a87f8bd9028e66004e2b18;Rob Moratti
5610f9f790a87f8bd9028e66004e2b18;Steve Negus
5610f9f790a87f8bd9028e66004e2b18;Christian Simpson
5610f9f790a87f8bd9028e66004e2b18;Peter Rochon
5610f9f790a87f8bd9028e66004e2b18;Gregg Chadd
c6065d5d273e002dd1ec217cf9c60e3d;Lars Hollmer
c6065d5d273e002dd1ec217cf9c60e3d;Lars Krantz
c6065d5d273e002dd1ec217cf9c60e3d;Hasse Bruniusson
c6065d5d273e002dd1ec217cf9c60e3d;Coste Apetrea
c6065d5d273e002dd1ec217cf9c60e3d;Tatsuya Yoshida
c6065d5d273e002dd1ec217cf9c60e3d;Henrik Öberg "Bebben"
c6065d5d273e002dd1ec217cf9c60e3d;Eino Haapala
c6065d5d273e002dd1ec217cf9c60e3d;Vilgot Hansson
b52327b09dd55a3c30eb8dae4f150047;see Members list below
540ec72c1ca2f820516ae95c134b1849;Nick South
540ec72c1ca2f820516ae95c134b1849;Arthur Kitchener
540ec72c1ca2f820516ae95c134b1849;Kieran O'Connor
540ec72c1ca2f820516ae95c134b1849;Bob Gibbons
540ec72c1ca2f820516ae95c134b1849;Ken Elliott
540ec72c1ca2f820516ae95c134b1849;Rob Elliott
540ec72c1ca2f820516ae95c134b1849;George Hart
540ec72c1ca2f820516ae95c134b1849;Tony McGill
cc8f3fcf655641714fe19feaf455327d;Mike Baker
cc8f3fcf655641714fe19feaf455327d;Kevin Soffera
cc8f3fcf655641714fe19feaf455327d;Chris Ingles
cc8f3fcf655641714fe19feaf455327d;Libby Molnar
76a2cf0983a5a9d7f3c0b169046a1be8;Justin Hill
76a2cf0983a5a9d7f3c0b169046a1be8;Tristan Lucey
76a2cf0983a5a9d7f3c0b169046a1be8;Jamie Hunter
cc9fdbacd051980ce59bffe14750ba38;Gerrit-Jan Bloemink
cc9fdbacd051980ce59bffe14750ba38;Jos Uffing
e97953b802d782f55ca327ae0f38f1ca;Herbie Flowers
e97953b802d782f55ca327ae0f38f1ca;Tristan Fry
e97953b802d782f55ca327ae0f38f1ca;Kevin Peek
e97953b802d782f55ca327ae0f38f1ca;John Williams
e97953b802d782f55ca327ae0f38f1ca;Francis Monkman
e97953b802d782f55ca327ae0f38f1ca;Steve Gray
e97953b802d782f55ca327ae0f38f1ca;Paul Hart
e97953b802d782f55ca327ae0f38f1ca;Richard Durrant
cc09e2b6f6f3650a1c5ae46d062cfa52;Nikhil Rufus Raj
cc09e2b6f6f3650a1c5ae46d062cfa52;Anup Sastry
cc09e2b6f6f3650a1c5ae46d062cfa52;Daniel Tompkins
9bad6bf0f0df98574bd123f38613fa35;Peter Blegvad
9bad6bf0f0df98574bd123f38613fa35;Dagmar Krause
9bad6bf0f0df98574bd123f38613fa35;Anthony Moore
a007539bf3a5bb02c40dafdcc35305e7;Jimmy Chamberlin
a007539bf3a5bb02c40dafdcc35305e7;James Iha
a007539bf3a5bb02c40dafdcc35305e7;D'arcy Wretzky
a007539bf3a5bb02c40dafdcc35305e7;Melissa Auf der Maur
a007539bf3a5bb02c40dafdcc35305e7;Mike Byrne
a007539bf3a5bb02c40dafdcc35305e7;Nicole Fiorentino
b9dc2455146b69d58b7a52b285fbf9ab;Ken Bowley
b9dc2455146b69d58b7a52b285fbf9ab;Clive Bunker
b9dc2455146b69d58b7a52b285fbf9ab;Barbara Deason
b9dc2455146b69d58b7a52b285fbf9ab;Marc Elton
b9dc2455146b69d58b7a52b285fbf9ab;Mark Hawkins
b9dc2455146b69d58b7a52b285fbf9ab;Heidi Kemp
b9dc2455146b69d58b7a52b285fbf9ab;Sandy Leigh
b9dc2455146b69d58b7a52b285fbf9ab;Shelley Patt
b9dc2455146b69d58b7a52b285fbf9ab;Sue Robinson
b9dc2455146b69d58b7a52b285fbf9ab;Craig Sunderland
b9dc2455146b69d58b7a52b285fbf9ab;Martin Wright
1f9f3e49b5f841c37f572f81ec180a1e;Members
a877d453f22c75ab4f88ed47a3815415;Tim Finn
a877d453f22c75ab4f88ed47a3815415;Phil Judd
a877d453f22c75ab4f88ed47a3815415;Mike Chunn
a877d453f22c75ab4f88ed47a3815415;Miles Golding
a877d453f22c75ab4f88ed47a3815415;Mike Howard
a877d453f22c75ab4f88ed47a3815415;Div Vercoe
a877d453f22c75ab4f88ed47a3815415;Wally Wilkinson
a877d453f22c75ab4f88ed47a3815415;Robert Gillies
a877d453f22c75ab4f88ed47a3815415;Geoff Chunn
a877d453f22c75ab4f88ed47a3815415;Eddie Rayner
a877d453f22c75ab4f88ed47a3815415;Emlyn Crowther
a877d453f22c75ab4f88ed47a3815415;Noel Crombie
a877d453f22c75ab4f88ed47a3815415;Malcolm Green
a877d453f22c75ab4f88ed47a3815415;Neil Finn
a877d453f22c75ab4f88ed47a3815415;Nigel Griggs
a877d453f22c75ab4f88ed47a3815415;Paul Hester
a877d453f22c75ab4f88ed47a3815415;Michael Barker
aa0642b24369844cf7541606c2cd1cea;Gary Strater
aa0642b24369844cf7541606c2cd1cea;Matt Stewart
aa0642b24369844cf7541606c2cd1cea;Steve Hagler
aa0642b24369844cf7541606c2cd1cea;Steve Tassler
aa0642b24369844cf7541606c2cd1cea;Herb Schildt
aa0642b24369844cf7541606c2cd1cea;Terry Luttrell
aa0642b24369844cf7541606c2cd1cea;Ralph Goldhiem
aa0642b24369844cf7541606c2cd1cea;Mauro Magellan
aa0642b24369844cf7541606c2cd1cea;George Harp
aa0642b24369844cf7541606c2cd1cea;Scott McKenzie
aa0642b24369844cf7541606c2cd1cea;Bruce Botts
aa0642b24369844cf7541606c2cd1cea;Mark McGee
f911a4552d4ad84b6f78d6dad4954502;Andy Cresswell-Davis
f911a4552d4ad84b6f78d6dad4954502;Mike "Mutter" Slater
f911a4552d4ad84b6f78d6dad4954502;Mike Evans
f911a4552d4ad84b6f78d6dad4954502;James Warren
f911a4552d4ad84b6f78d6dad4954502;Billy "Sparkle" Bent
f911a4552d4ad84b6f78d6dad4954502;Jim "Crun" Walter
f911a4552d4ad84b6f78d6dad4954502;Keith Gemmell
f911a4552d4ad84b6f78d6dad4954502;Rod Bowkett
f911a4552d4ad84b6f78d6dad4954502;Paul Karas
f911a4552d4ad84b6f78d6dad4954502;Roy Morgan
f911a4552d4ad84b6f78d6dad4954502;Dave Lawson
f911a4552d4ad84b6f78d6dad4954502;Peter Van Hooke
f911a4552d4ad84b6f78d6dad4954502;Tim Robinson
f911a4552d4ad84b6f78d6dad4954502;Richard Stubbings
f911a4552d4ad84b6f78d6dad4954502;John Miller
f911a4552d4ad84b6f78d6dad4954502;Ian Towers
75c9caf51fded382212f46a76a5fe4c7;Giovanni Fabbri
75c9caf51fded382212f46a76a5fe4c7;Maurizio Masla
75c9caf51fded382212f46a76a5fe4c7;Franco Fabbri
75c9caf51fded382212f46a76a5fe4c7;Luca Piscicelli
75c9caf51fded382212f46a76a5fe4c7;Fausto Martinetti
75c9caf51fded382212f46a76a5fe4c7;Alberto Santagostino
75c9caf51fded382212f46a76a5fe4c7;Antonio Zanuso
75c9caf51fded382212f46a76a5fe4c7;Claudio Rocchi
75c9caf51fded382212f46a76a5fe4c7;Massimo Villa
75c9caf51fded382212f46a76a5fe4c7;Umberto Fiori
75c9caf51fded382212f46a76a5fe4c7;Carlo De Martini
75c9caf51fded382212f46a76a5fe4c7;Tommaso Leddi
75c9caf51fded382212f46a76a5fe4c7;Salvatore Garau
75c9caf51fded382212f46a76a5fe4c7;Renato Rivolta
75c9caf51fded382212f46a76a5fe4c7;Pino Martini
75c9caf51fded382212f46a76a5fe4c7;Leonardo Schiavone
75c9caf51fded382212f46a76a5fe4c7;Stefano Barbaglia
80bac5a7ea7d946bd4990d25167d4742;Michael Bernier
e726cc4e6567a3751be8e8b00de964e8;Davin Givhan
e726cc4e6567a3751be8e8b00de964e8;Darling Freakhead
2662ee945588b95c6edc892c9d624d45;Mikael Åkerfeldt
2662ee945588b95c6edc892c9d624d45;Steven Wilson
557e397bea66e206b91f4df112433359;Dennis DeYoung
557e397bea66e206b91f4df112433359;John Panozzo
557e397bea66e206b91f4df112433359;John "J.C." Curulewski
557e397bea66e206b91f4df112433359;Glen Burtnik
e386a251fc196ef5c5d75e5fa8bb0ba0;Rob Douw
e386a251fc196ef5c5d75e5fa8bb0ba0;Charlie Mariano
e386a251fc196ef5c5d75e5fa8bb0ba0;Robert Jan Stips
e386a251fc196ef5c5d75e5fa8bb0ba0;Herman van Boeyen
e386a251fc196ef5c5d75e5fa8bb0ba0;Ron van Eck
e386a251fc196ef5c5d75e5fa8bb0ba0;Sacha van Geest
e386a251fc196ef5c5d75e5fa8bb0ba0;Marco Vrolijk
17d69937d9bc86d38e2cf1b1e5439c80;See: "Former members"
363ea4cf494e44f6c357ab7769d312a3;Fred Rother
d49eff16ffe9d57bb813cd92fe8d7f7c;Kay Söhl
d49eff16ffe9d57bb813cd92fe8d7f7c;Marko Heisig
d49eff16ffe9d57bb813cd92fe8d7f7c;Matthias Koops
d49eff16ffe9d57bb813cd92fe8d7f7c;Jan Petersen
c9795fabcccb513751f2b1083433f3a5;Thomas Miller
c9795fabcccb513751f2b1083433f3a5;Rod Tyler
c9795fabcccb513751f2b1083433f3a5;Thomas Walling
6638000fb9633a0a3ca332fab9346af5;Andy Khachaturian
ed428b20b3c125debb80087147a9207c;Jean-Jacques Goldman
ed428b20b3c125debb80087147a9207c;Jean-Alain Gardet
ed428b20b3c125debb80087147a9207c;Taï Sinh
ed428b20b3c125debb80087147a9207c;Pascal Wuthrich
ed428b20b3c125debb80087147a9207c;Michael Jones
ed428b20b3c125debb80087147a9207c;Stéphan Caussarieu
7debea2869b57806a77c5795e88eacd9;Eric Connell
7debea2869b57806a77c5795e88eacd9;Dannie Davidson
7debea2869b57806a77c5795e88eacd9;Gary Johns
7debea2869b57806a77c5795e88eacd9;Alex "Zac" Zytnik
034eabaf1d3a8393bc7302a0b51b5f6c;See: 
034eabaf1d3a8393bc7302a0b51b5f6c;Personnel
0dcd7a726471296488c79d2dc450c127;Edgar Froese
0dcd7a726471296488c79d2dc450c127;Lanse Hapshash
0dcd7a726471296488c79d2dc450c127;Kurt Herkenberg
0dcd7a726471296488c79d2dc450c127;Volker Hombach
0dcd7a726471296488c79d2dc450c127;Charlie Prince
0dcd7a726471296488c79d2dc450c127;Steve Jolliffe
0dcd7a726471296488c79d2dc450c127;Klaus Schulze
0dcd7a726471296488c79d2dc450c127;Conrad Schnitzler
0dcd7a726471296488c79d2dc450c127;Christopher Franke
0dcd7a726471296488c79d2dc450c127;Steve Schroyder
0dcd7a726471296488c79d2dc450c127;Peter Baumann
0dcd7a726471296488c79d2dc450c127;Michael Hoenig
0dcd7a726471296488c79d2dc450c127;Klaus Krüger
0dcd7a726471296488c79d2dc450c127;Johannes Schmoelling
0dcd7a726471296488c79d2dc450c127;Paul Haslinger
0dcd7a726471296488c79d2dc450c127;Ralf Wadephul
0dcd7a726471296488c79d2dc450c127;Jerome Froese
0dcd7a726471296488c79d2dc450c127;Linda Spa
0dcd7a726471296488c79d2dc450c127;Iris Camaa
0dcd7a726471296488c79d2dc450c127;Bernhard Beibl
e6b433618e985882bb8aa4ad23f8ed79;Jukka Tolonen
e6b433618e985882bb8aa4ad23f8ed79;Frank Robson
e6b433618e985882bb8aa4ad23f8ed79;Vesa Aaltonen
e6b433618e985882bb8aa4ad23f8ed79;Juhani Aaltonen
e6b433618e985882bb8aa4ad23f8ed79;Heikki Virtanen
e6b433618e985882bb8aa4ad23f8ed79;Måns Groundstroem
e6b433618e985882bb8aa4ad23f8ed79;Pekka Pöyry
e6b433618e985882bb8aa4ad23f8ed79;Eero Raittinen
e6b433618e985882bb8aa4ad23f8ed79;Esa Kotilainen
cb8028c9049dae786b0b01cdf5d544c7;James Robbins
cb8028c9049dae786b0b01cdf5d544c7;Russ Lynch
cb8028c9049dae786b0b01cdf5d544c7;Greg Colacino
cb8028c9049dae786b0b01cdf5d544c7;George Marzloff
3cc9e645e2d95bd4a3e622a566fb29ae;Bob Drake
3cc9e645e2d95bd4a3e622a566fb29ae;Sharon Bradford
3cc9e645e2d95bd4a3e622a566fb29ae;Harry Fleishman
3cc9e645e2d95bd4a3e622a566fb29ae;Rick Arsenault
3cc9e645e2d95bd4a3e622a566fb29ae;Mark Fuller
3cc9e645e2d95bd4a3e622a566fb29ae;Susanne Lewis
3cc9e645e2d95bd4a3e622a566fb29ae;Eric Moon
3cc9e645e2d95bd4a3e622a566fb29ae;Lawrence Haugseth
3cc9e645e2d95bd4a3e622a566fb29ae;Shane Hotle
3cc9e645e2d95bd4a3e622a566fb29ae;Maria Moran
3cc9e645e2d95bd4a3e622a566fb29ae;Dave Kerman
3cc9e645e2d95bd4a3e622a566fb29ae;Deborah Perry
3cc9e645e2d95bd4a3e622a566fb29ae;Matt Mitchell
3cc9e645e2d95bd4a3e622a566fb29ae;David Shamrock
3cc9e645e2d95bd4a3e622a566fb29ae;Kimara Sajn
87e955b626715b4f4f1dfdc2eed343cb;Matt Wachter
87e955b626715b4f4f1dfdc2eed343cb;Solon Bixler
20186756aabeeb1d3a40568190c0a250;Charles Bullen
20186756aabeeb1d3a40568190c0a250;Charles Hayward
20186756aabeeb1d3a40568190c0a250;Gareth Williams
96e965e143bb2f7af5b75c11f4e9a73f;Tony Williams
96e965e143bb2f7af5b75c11f4e9a73f; (deceased)
96e965e143bb2f7af5b75c11f4e9a73f;John McLaughlin
96e965e143bb2f7af5b75c11f4e9a73f;Larry Young
96e965e143bb2f7af5b75c11f4e9a73f; (deceased)
96e965e143bb2f7af5b75c11f4e9a73f;Jack Bruce
96e965e143bb2f7af5b75c11f4e9a73f; (deceased)
96e965e143bb2f7af5b75c11f4e9a73f;Allan Holdsworth
96e965e143bb2f7af5b75c11f4e9a73f; (deceased)
96e965e143bb2f7af5b75c11f4e9a73f;Tony Newton
96e965e143bb2f7af5b75c11f4e9a73f;Alan Pasqua
96e965e143bb2f7af5b75c11f4e9a73f;Ted Dunbar
96e965e143bb2f7af5b75c11f4e9a73f; (deceased)
96e965e143bb2f7af5b75c11f4e9a73f;Warren Smith
96e965e143bb2f7af5b75c11f4e9a73f;Don Alias
96e965e143bb2f7af5b75c11f4e9a73f; (deceased)
96e965e143bb2f7af5b75c11f4e9a73f;Juini Booth
96e965e143bb2f7af5b75c11f4e9a73f;Ron Carter
96e965e143bb2f7af5b75c11f4e9a73f;Tom Grant
96e965e143bb2f7af5b75c11f4e9a73f;Bunny Brunel
96e965e143bb2f7af5b75c11f4e9a73f;Tod Carver
96e965e143bb2f7af5b75c11f4e9a73f;Bruce Harris
96e965e143bb2f7af5b75c11f4e9a73f;Patrick O'Hearn
96e965e143bb2f7af5b75c11f4e9a73f;Michael Formanek
96e965e143bb2f7af5b75c11f4e9a73f;Marlon Graves
96e965e143bb2f7af5b75c11f4e9a73f;Mike Hoffmann
96e965e143bb2f7af5b75c11f4e9a73f;Paul Potyen
96e965e143bb2f7af5b75c11f4e9a73f;Gerry Mule
96e965e143bb2f7af5b75c11f4e9a73f;Laura 'Tequila' Logan
96e965e143bb2f7af5b75c11f4e9a73f;Webster Lewis
96e965e143bb2f7af5b75c11f4e9a73f;David Horowitz
96e965e143bb2f7af5b75c11f4e9a73f;Herb Bushler
96e965e143bb2f7af5b75c11f4e9a73f;Bob Caccicola
96e965e143bb2f7af5b75c11f4e9a73f;Lyle Workman
86c05117b45911b82a1bc04f978a6bfd;Jeff Porcaro
86c05117b45911b82a1bc04f978a6bfd;Mike Porcaro
86c05117b45911b82a1bc04f978a6bfd;Simon Phillips
86c05117b45911b82a1bc04f978a6bfd;David Hungate
86c05117b45911b82a1bc04f978a6bfd;Bobby Kimball
86c05117b45911b82a1bc04f978a6bfd;Fergie Frederiksen
86c05117b45911b82a1bc04f978a6bfd;Greg Phillinganes
86c05117b45911b82a1bc04f978a6bfd;Jean-Michel Byron
86c05117b45911b82a1bc04f978a6bfd;Keith Carlock
6ada73bcafc0fd0cc8df2622b2e42a44;Rob Cottingham
6ada73bcafc0fd0cc8df2622b2e42a44;Steve Barfoot
6ada73bcafc0fd0cc8df2622b2e42a44;Mike Forrester
6ada73bcafc0fd0cc8df2622b2e42a44;Simon Cook
6ada73bcafc0fd0cc8df2622b2e42a44;Jona Sutch
6ada73bcafc0fd0cc8df2622b2e42a44;Liz Clayden
6ada73bcafc0fd0cc8df2622b2e42a44;Alasdair Melville
6ada73bcafc0fd0cc8df2622b2e42a44;Kim 'Elkie' Seviour
1e531de8b991391cd824b25ddc9ef383;Jaap van Eik
1e531de8b991391cd824b25ddc9ef383;Pierre van der Linden
1e531de8b991391cd824b25ddc9ef383;Rick van der Linden
d33c46d6204d8beb021ca1ecbf0594ea;Jesús de la Rosa Luque
d33c46d6204d8beb021ca1ecbf0594ea;Eduardo Rodríguez Rodway
d33c46d6204d8beb021ca1ecbf0594ea;Juan José Palacios "Tele"
ccce6b9284ead019770b2fa43eedfeb7;Hans Bathelt
ccce6b9284ead019770b2fa43eedfeb7;Jürgen Fritz
ccce6b9284ead019770b2fa43eedfeb7;Werner "Dick" Frangenberg
ccce6b9284ead019770b2fa43eedfeb7;Hans Pape
ccce6b9284ead019770b2fa43eedfeb7;Helmut Köllen
ccce6b9284ead019770b2fa43eedfeb7;Barry Palmer
ccce6b9284ead019770b2fa43eedfeb7;Dieter Petereit
ccce6b9284ead019770b2fa43eedfeb7;Curt Cress
ccce6b9284ead019770b2fa43eedfeb7;David Hanselmann
ccce6b9284ead019770b2fa43eedfeb7;Mattias Holtmann
ccce6b9284ead019770b2fa43eedfeb7;Werner Kopal
ccce6b9284ead019770b2fa43eedfeb7;Arno Steffen
8fd861e267153915b6087d1ebb8112f4;Colin Campbell (guitar) 1971-72
8fd861e267153915b6087d1ebb8112f4;Michael Carlos
8fd861e267153915b6087d1ebb8112f4; (keyboards)
8fd861e267153915b6087d1ebb8112f4;Graham Conlan (bass) 1969
8fd861e267153915b6087d1ebb8112f4;Richard Lockwood
8fd861e267153915b6087d1ebb8112f4; (flute
8fd861e267153915b6087d1ebb8112f4; sax
8fd861e267153915b6087d1ebb8112f4; clarinet
8fd861e267153915b6087d1ebb8112f4; piano) 1968-72
8fd861e267153915b6087d1ebb8112f4;John Blake (bass) 1968-69
8fd861e267153915b6087d1ebb8112f4;Ken Firth (bass) 1970-72
8fd861e267153915b6087d1ebb8112f4;Shayna (Karlin) Stewart (vocals) 1971-72
8fd861e267153915b6087d1ebb8112f4;Robert Taylor (drums) 1968-78
8fd861e267153915b6087d1ebb8112f4;Murray Wilkins (bass) 1969
8fd861e267153915b6087d1ebb8112f4;Terry Wilson (vocals
8fd861e267153915b6087d1ebb8112f4; guitar
8fd861e267153915b6087d1ebb8112f4; flute) 1968-70
8fd861e267153915b6087d1ebb8112f4;Andrew "Frizby" Thursby-Pelham(guitar) 1976-78
8fd861e267153915b6087d1ebb8112f4;John "Bass" Walton(bass) 1976-78
8fd861e267153915b6087d1ebb8112f4;Bill Tahana(vocals) 1977
28e9c87e238ba8702e20e9c067d21953;Rick Battersby
28e9c87e238ba8702e20e9c067d21953;Geoff Mann
28e9c87e238ba8702e20e9c067d21953;Electra McLeod
28e9c87e238ba8702e20e9c067d21953;Andy Sears
28e9c87e238ba8702e20e9c067d21953;Martyn Watson
28e9c87e238ba8702e20e9c067d21953;Roy Keyworth
28e9c87e238ba8702e20e9c067d21953;Andy Faulkner
6ae35266747b0f4a4ff67792b4277785;Jean Yves "M. Frog" Labat
6ae35266747b0f4a4ff67792b4277785;David Mason
6ae35266747b0f4a4ff67792b4277785;Hunt Sales
6ae35266747b0f4a4ff67792b4277785;Tony Sales
6ae35266747b0f4a4ff67792b4277785;Mark "Moogy" Klingman
6ae35266747b0f4a4ff67792b4277785;Roger Powell
6ae35266747b0f4a4ff67792b4277785;John "Willie" Wilcox
6ae35266747b0f4a4ff67792b4277785;Doug Howard
16d49d14cc9e3d3486129a635e38c341;Eddie Jobson
16d49d14cc9e3d3486129a635e38c341;John Wetton
16d49d14cc9e3d3486129a635e38c341;Allan Holdsworth
16d49d14cc9e3d3486129a635e38c341;Bill Bruford
16d49d14cc9e3d3486129a635e38c341;Terry Bozzio
3df7ad16f7fddea0cdc7cefc911377f8;Mike Mirro
caf3f73c2e2108010166024ea221de4a;Monty Ruggiero
caf3f73c2e2108010166024ea221de4a;Shireen Khemlani
caf3f73c2e2108010166024ea221de4a;Mike Stewart
caf3f73c2e2108010166024ea221de4a;Jamies Jones
caf3f73c2e2108010166024ea221de4a;Shaun Duncan
caf3f73c2e2108010166024ea221de4a;Peter Raidel
caf3f73c2e2108010166024ea221de4a;Ian Ritchie
a79bd2611059e855c2378fc7be1eebfd;See "Former members"
0f5baefcfe242ae618917a3193a0b1b2;Steve Hillage
0f5baefcfe242ae618917a3193a0b1b2;Dave Stewart
0f5baefcfe242ae618917a3193a0b1b2;Clive Brooks
0f5baefcfe242ae618917a3193a0b1b2;Mont Campbell
306621b243ad17a995933499cc242ada;Chris Judge Smith
306621b243ad17a995933499cc242ada;Nick Pearne
306621b243ad17a995933499cc242ada;Keith Ellis
306621b243ad17a995933499cc242ada;Nic Potter
306621b243ad17a995933499cc242ada;David Jackson
306621b243ad17a995933499cc242ada;Graham Smith
306621b243ad17a995933499cc242ada;Charles Dickie
2c82dd2307e671c2966c68828888deae;Denis "Piggy" D'Amour
2c82dd2307e671c2966c68828888deae;Jean-Yves "Blacky" Thériault
2c82dd2307e671c2966c68828888deae;Pierre St. Jean
2c82dd2307e671c2966c68828888deae;Gilles Brisebois
2c82dd2307e671c2966c68828888deae;Eric "E-Force" Forrest
2c82dd2307e671c2966c68828888deae;Jason "Jasonic" Newsted
4387b75c43b7c0a2604efa9388fdcf1c;Alan Craig (?-1972)
4387b75c43b7c0a2604efa9388fdcf1c;Mike Smith (drums) 1972-1973
4387b75c43b7c0a2604efa9388fdcf1c;Pete Cosker (guitar) (to 1976)
4387b75c43b7c0a2604efa9388fdcf1c;Paul Gerrett (keyboards) (to 1974) (deceased)
96fd5742f0522b8514ce15084c30484b;Keith Bailey
96fd5742f0522b8514ce15084c30484b;Paul Carrack
96fd5742f0522b8514ce15084c30484b;Terry "Tex" Comer
96fd5742f0522b8514ce15084c30484b;Dave Pepper
96fd5742f0522b8514ce15084c30484b;Alan Solomon
96fd5742f0522b8514ce15084c30484b;John Surguy
96fd5742f0522b8514ce15084c30484b;Les Walker
0165c47cdcb8ece8a4922dd0b81487ae;Blake Enemark
cead23f0c0dc64e95405bca9b8ee9c24;Austin Jenkins
cead23f0c0dc64e95405bca9b8ee9c24;Joshua Block
7ab25b892c164245fb7db78d1ab2fcc6;Delia Derbyshire
7ab25b892c164245fb7db78d1ab2fcc6;Brian Hodgson
7ab25b892c164245fb7db78d1ab2fcc6;Mark Jenkins
376404ca434c3501266c5c44e3ac5ed8;Cenk Eroglu
402211c55a8c0c4aa82d2ec7ae3f5239;Lars Fredrik Frøislie
402211c55a8c0c4aa82d2ec7ae3f5239;Kristian Karl Hultgren
402211c55a8c0c4aa82d2ec7ae3f5239;Martin Nordrum Kneppen
402211c55a8c0c4aa82d2ec7ae3f5239;Morten Andreas Eriksen
402211c55a8c0c4aa82d2ec7ae3f5239;Andreas Prestmo
82a2fbf787b3172106b286c345d4f84e;James Rhodes
82a2fbf787b3172106b286c345d4f84e;Ronnie Swinson
82a2fbf787b3172106b286c345d4f84e;Tim Belbe
82a2fbf787b3172106b286c345d4f84e;Gerhardt Egmont "Öcki" Von Brevern
82a2fbf787b3172106b286c345d4f84e;Hansi Fischer
82a2fbf787b3172106b286c345d4f84e;Werner Funk
82a2fbf787b3172106b286c345d4f84e;Gilbert "Skip" van Wych III
82a2fbf787b3172106b286c345d4f84e;Klaus Briest
4e9215b20ba1ef7475ca255833748f69;Rick Rodenbaugh
4e9215b20ba1ef7475ca255833748f69;Mike Davies
4e9215b20ba1ef7475ca255833748f69;Chuck Nuzo
4e9215b20ba1ef7475ca255833748f69;Gary Stewart
