67834dda2f4aa87c0b702ebb8d90a0c3;Jules Gary Alexander
67834dda2f4aa87c0b702ebb8d90a0c3;Jim Yester
67834dda2f4aa87c0b702ebb8d90a0c3;Bruce Pictor
67834dda2f4aa87c0b702ebb8d90a0c3;Del Ramos
67834dda2f4aa87c0b702ebb8d90a0c3;Jordan Cole
67834dda2f4aa87c0b702ebb8d90a0c3;Paul Holland
8791ea9069d2882cc70d6ed4376d0e42;Tom Finn
8791ea9069d2882cc70d6ed4376d0e42;George Cameron
8791ea9069d2882cc70d6ed4376d0e42;Steve Martin Caro
8791ea9069d2882cc70d6ed4376d0e42;Michael Brown
8791ea9069d2882cc70d6ed4376d0e42;Warren David-Schierhorst
8791ea9069d2882cc70d6ed4376d0e42;Jeff Winfield
8791ea9069d2882cc70d6ed4376d0e42;Rick Brand
8791ea9069d2882cc70d6ed4376d0e42;Bert Sommer
8791ea9069d2882cc70d6ed4376d0e42;Michael McKean
8791ea9069d2882cc70d6ed4376d0e42;Tom Feher
0e1099db59c743d43dda11d3abbb7ce8;Chip Davis
0e1099db59c743d43dda11d3abbb7ce8;Bobby Jenkins
0e1099db59c743d43dda11d3abbb7ce8;Jackson Berkey
0e1099db59c743d43dda11d3abbb7ce8;Rebecca Kia
0e1099db59c743d43dda11d3abbb7ce8;Almeda Berkey
0e1099db59c743d43dda11d3abbb7ce8;Roxanne Layton
0e1099db59c743d43dda11d3abbb7ce8;Ron Cooley
0e1099db59c743d43dda11d3abbb7ce8;Arnie Roth
0e1099db59c743d43dda11d3abbb7ce8;Chuck Penington
0e1099db59c743d43dda11d3abbb7ce8;Tom Sharpe
0e1099db59c743d43dda11d3abbb7ce8;Joey Gulizia
0e1099db59c743d43dda11d3abbb7ce8;Glen Smith
0e1099db59c743d43dda11d3abbb7ce8;Logan Penington
0e1099db59c743d43dda11d3abbb7ce8;Anna Lackaff
0e1099db59c743d43dda11d3abbb7ce8;Mark Agnor
0e1099db59c743d43dda11d3abbb7ce8;Bobby Kunkle
f93e11f31c9f9f4a65f07e4913002081;Graeme Edge
f93e11f31c9f9f4a65f07e4913002081;Justin Hayward
f93e11f31c9f9f4a65f07e4913002081;John Lodge
e226d4a8b22d19343f8fcc3abda40624;Gary Brooker
e226d4a8b22d19343f8fcc3abda40624;Geoff Whitehorn
e226d4a8b22d19343f8fcc3abda40624;Matt Pegg
e226d4a8b22d19343f8fcc3abda40624;Josh Phillips
e226d4a8b22d19343f8fcc3abda40624;Geoff Dunn
af9aaac59ca313360279609d451eca7f;Ron Mael
af9aaac59ca313360279609d451eca7f;Russell Mael
0f7d91c9280e928593b7550a0422030a;Rod Argent
0f7d91c9280e928593b7550a0422030a;Colin Blunstone
0f7d91c9280e928593b7550a0422030a;Jim Rodford
0f7d91c9280e928593b7550a0422030a;Steve Rodford
0f7d91c9280e928593b7550a0422030a;Tom Toomey
9009238576513998be83223649d5dab4;Anohni
9009238576513998be83223649d5dab4;Julia Kent
9009238576513998be83223649d5dab4;Parker Kindred
9009238576513998be83223649d5dab4;Jeff Langston
9009238576513998be83223649d5dab4;Rob Moose
9009238576513998be83223649d5dab4;Maxim Moston
9009238576513998be83223649d5dab4;Doug Wieselman
9009238576513998be83223649d5dab4;Thomas Bartlett
a3c18a13e8985047c7f01177f1b7cd75;Win Butler
a3c18a13e8985047c7f01177f1b7cd75;Régine Chassagne
a3c18a13e8985047c7f01177f1b7cd75;William Butler
a3c18a13e8985047c7f01177f1b7cd75;Richard Reed Parry
a3c18a13e8985047c7f01177f1b7cd75;Tim Kingsbury
a3c18a13e8985047c7f01177f1b7cd75;Jeremy Gara
a3c18a13e8985047c7f01177f1b7cd75;Sarah Neufeld
a3c18a13e8985047c7f01177f1b7cd75; (Touring Only)
e0ec7cdc2071f4350abd82d6feb16b47;John Stirratt
e0ec7cdc2071f4350abd82d6feb16b47;Pat Sansone
f3c2333f3ba380ec118b8e6fa15f6f8f;Zach Condon
f3c2333f3ba380ec118b8e6fa15f6f8f;Nick Petree
f3c2333f3ba380ec118b8e6fa15f6f8f;Paul Collins
f3c2333f3ba380ec118b8e6fa15f6f8f;Kyle Resnick
f3c2333f3ba380ec118b8e6fa15f6f8f;Ben Lanz
f3c2333f3ba380ec118b8e6fa15f6f8f;Aaron Arntz
24d70c35ad593dae3868df7314902569;Stuart Murdoch
24d70c35ad593dae3868df7314902569;Stevie Jackson
24d70c35ad593dae3868df7314902569;Chris Geddes
24d70c35ad593dae3868df7314902569;Richard Colburn
24d70c35ad593dae3868df7314902569;Sarah Martin
24d70c35ad593dae3868df7314902569;Bobby Kildea
24d70c35ad593dae3868df7314902569;Dave McGowan
fc5a2c5182edaadada61b3bea39692b2;Colin Meloy
fc5a2c5182edaadada61b3bea39692b2;Chris Funk
fc5a2c5182edaadada61b3bea39692b2;Jenny Conlee
fc5a2c5182edaadada61b3bea39692b2;Nate Query
fc5a2c5182edaadada61b3bea39692b2;John Moen
208a5b9ab469013f3941523a3100ac5e;Band members
da1fcff24daad7690d593b993b7770ab;Florence Welch
da1fcff24daad7690d593b993b7770ab;Isabella Summers
da1fcff24daad7690d593b993b7770ab;Robert Ackroyd
da1fcff24daad7690d593b993b7770ab;Christopher Lloyd Hayden
da1fcff24daad7690d593b993b7770ab;Tom Monger
da1fcff24daad7690d593b993b7770ab;Mark Saunders
da1fcff24daad7690d593b993b7770ab;Rusty Bradshaw
07cf6f593c55ecd59597d403f3617328;Nate Ruess
07cf6f593c55ecd59597d403f3617328;Andrew Dost
07cf6f593c55ecd59597d403f3617328;Jack Antonoff
956e4a24ab615f495fda926317d2b97b;Ed Droste
956e4a24ab615f495fda926317d2b97b;Daniel Rossen
956e4a24ab615f495fda926317d2b97b;Christopher Bear
956e4a24ab615f495fda926317d2b97b;Chris Taylor
f655c830d15debe5808b4a79c3b4e41e;Sigríður Thorlacius (vocals)
f655c830d15debe5808b4a79c3b4e41e;Viktor Orri Árnasson
f655c830d15debe5808b4a79c3b4e41e;Rebekka B. Björnsdóttir
f655c830d15debe5808b4a79c3b4e41e;Högni Egilsson
f655c830d15debe5808b4a79c3b4e41e;Guðmundur Óskar Guðmundsson
f655c830d15debe5808b4a79c3b4e41e;Axel Haraldsson
f655c830d15debe5808b4a79c3b4e41e;Hjörtur Ingvi Jóhannsson
9fe8f89f371625ca9a9f4c5164248006;Alex Turner
9fe8f89f371625ca9a9f4c5164248006;Miles Kane
9fe8f89f371625ca9a9f4c5164248006;James Ford
9fe8f89f371625ca9a9f4c5164248006;Zach Dawes
e71a2dad5e00894904e0e0a5ab16e9f2;William Calderbank
e71a2dad5e00894904e0e0a5ab16e9f2;James de Malplaquet
e71a2dad5e00894904e0e0a5ab16e9f2;Mike Siddell
e71a2dad5e00894904e0e0a5ab16e9f2;Ricky Pritchard
e71a2dad5e00894904e0e0a5ab16e9f2;Rhys Lovell
e71a2dad5e00894904e0e0a5ab16e9f2;Jim Briffett
e71a2dad5e00894904e0e0a5ab16e9f2;Martin Deering
43d4f3791257b3b9e3975d0447e8d7e6;Raissa Khan-Panni
43d4f3791257b3b9e3975d0447e8d7e6;Paul Sandrone
43d4f3791257b3b9e3975d0447e8d7e6;Tessa Gilles
43d4f3791257b3b9e3975d0447e8d7e6;Maddie Rix
43d4f3791257b3b9e3975d0447e8d7e6;Lindsey Oliver
43d4f3791257b3b9e3975d0447e8d7e6;Loz Thomas
43d4f3791257b3b9e3975d0447e8d7e6;Rob Heasman
43d4f3791257b3b9e3975d0447e8d7e6;Laura Ritchie
700e9122bff4ad8483018878d454d322;Brendon Urie
32ffc9349bc1186c2770ab15dd16d27e;Zac Pennington
32ffc9349bc1186c2770ab15dd16d27e;Jherek Bischoff
32ffc9349bc1186c2770ab15dd16d27e;Amber W. Smith
32ffc9349bc1186c2770ab15dd16d27e;Paul Alcott
c497c65617cc67ef3a6c4ec0eb044b41;Wes Miles
c497c65617cc67ef3a6c4ec0eb044b41;Mathieu Santos
c497c65617cc67ef3a6c4ec0eb044b41;Milo Bonacci
c497c65617cc67ef3a6c4ec0eb044b41;Rebecca Zeller
c497c65617cc67ef3a6c4ec0eb044b41;Kenny Bernard
fd933d761edfbda5500b1e98222d5478;Ellis Ludwig-Leone
fd933d761edfbda5500b1e98222d5478;Allen Tate
fd933d761edfbda5500b1e98222d5478;Charlene Kaye
fd933d761edfbda5500b1e98222d5478;John Brandon
fd933d761edfbda5500b1e98222d5478;Stephen Chen
fd933d761edfbda5500b1e98222d5478;Tyler McDiarmid
fd933d761edfbda5500b1e98222d5478;Michael Hanf
18a408b74c56722dd77380efd6198c54;Johannes Genard (lead vocals
18a408b74c56722dd77380efd6198c54; guitar
18a408b74c56722dd77380efd6198c54; synths)
18a408b74c56722dd77380efd6198c54;Matthias Dillen (drums)
18a408b74c56722dd77380efd6198c54;Toon Van Baelen (bass guitar
18a408b74c56722dd77380efd6198c54; synths)
18a408b74c56722dd77380efd6198c54;Hanne Torfs (synths
18a408b74c56722dd77380efd6198c54; vocals)
18a408b74c56722dd77380efd6198c54;Justine Bourgeus (violin
18a408b74c56722dd77380efd6198c54; synths
18a408b74c56722dd77380efd6198c54; vocals)
066702a1bc44f1fb2e5ee755c2d3bfa4;Joe Pernice
066702a1bc44f1fb2e5ee755c2d3bfa4;Stephen Desaulniers
066702a1bc44f1fb2e5ee755c2d3bfa4;Bruce Tull
066702a1bc44f1fb2e5ee755c2d3bfa4;Tom Shea
a797a970f036a51c87ef6c51becc4325;Pan
a797a970f036a51c87ef6c51becc4325;Quinn Walker
a797a970f036a51c87ef6c51becc4325;Austin Fisher
a797a970f036a51c87ef6c51becc4325;Brian Aiken
18f1519987fc97a4cc1e70ab65cb925b;Ezra Koenig
18f1519987fc97a4cc1e70ab65cb925b;Chris Tomson
18f1519987fc97a4cc1e70ab65cb925b;Chris Baio
0bd61ea303a12466631f83778d01dc68;Hayden Thorpe
0bd61ea303a12466631f83778d01dc68;Ben Little
0bd61ea303a12466631f83778d01dc68;Chris Talbot
0bd61ea303a12466631f83778d01dc68;Tom Fleming
